[
  {
    "AssessorsParcelNumber": "100-520-130",
    "StandardizedAssessorsParcelNumber": "100520130",
    "AddressLine1": "1 APPIAN WAY UNIT 704-12",
    "AddressLine2": null,
    "City": "SOUTH SAN FRANCISCO",
    "State": "CA",
    "PostalCode": 94080,
    "PostalCodePlus4": 5566,
    "AddressHouseNumber": 1,
    "AddressPreDirection": null,
    "AddressStreetName": "APPIAN",
    "AddressStreetSuffix": "WAY",
    "AddressPostDirection": null,
    "AddressUnitType": "UNIT",
    "AddressUnitNumber": "704-12",
    "CountyFips": 6081,
    "County": "SAN MATEO",
    "Latitude": 37.643176,
    "Longitude": -122.451244,
    "CurrentOwner": "ZHU KENNETH JIAN WEI \u0026 ZHU AI BING WU",
    "OwnerOccupied": true,
    "ZIP1st3": 940,
    "ZIP1st4": 9408,
    "FullAddress": "1 APPIAN WAY UNIT 704-12 SOUTH SAN FRANCISCO CA 94080-5566"
  },
  {
    "AssessorsParcelNumber": "100-520-180",
    "StandardizedAssessorsParcelNumber": "100520180",
    "AddressLine1": "1 APPIAN WAY UNIT 705-4",
    "AddressLine2": null,
    "City": "SOUTH SAN FRANCISCO",
    "State": "CA",
    "PostalCode": 94080,
    "PostalCodePlus4": 5532,
    "AddressHouseNumber": 1,
    "AddressPreDirection": null,
    "AddressStreetName": "APPIAN",
    "AddressStreetSuffix": "WAY",
    "AddressPostDirection": null,
    "AddressUnitType": "UNIT",
    "AddressUnitNumber": "705-4",
    "CountyFips": 6081,
    "County": "SAN MATEO",
    "Latitude": 37.643,
    "Longitude": -122.451677,
    "CurrentOwner": "TURNER BARBARA \u0026 TURNER DENNIS PATRICK",
    "OwnerOccupied": false,
    "ZIP1st3": 940,
    "ZIP1st4": 9408,
    "FullAddress": "1 APPIAN WAY UNIT 705-4 SOUTH SAN FRANCISCO CA 94080-5532"
  },
  {
    "AssessorsParcelNumber": "100-540-230",
    "StandardizedAssessorsParcelNumber": "100540230",
    "AddressLine1": "1 APPIAN WAY UNIT 713-7",
    "AddressLine2": null,
    "City": "SOUTH SAN FRANCISCO",
    "State": "CA",
    "PostalCode": 94080,
    "PostalCodePlus4": 5594,
    "AddressHouseNumber": 1,
    "AddressPreDirection": null,
    "AddressStreetName": "APPIAN",
    "AddressStreetSuffix": "WAY",
    "AddressPostDirection": null,
    "AddressUnitType": "UNIT",
    "AddressUnitNumber": "713-7",
    "CountyFips": 6081,
    "County": "SAN MATEO",
    "Latitude": 37.643799,
    "Longitude": -122.450746,
    "CurrentOwner": "CABRERA SHEIKEMIR G \u0026 CABRERA ALMA Z",
    "OwnerOccupied": true,
    "ZIP1st3": 940,
    "ZIP1st4": 9408,
    "FullAddress": "1 APPIAN WAY UNIT 713-7 SOUTH SAN FRANCISCO CA 94080-5594"
  },
  {
    "AssessorsParcelNumber": "235-085-060-000",
    "StandardizedAssessorsParcelNumber": "2.35085E\u002B11",
    "AddressLine1": "1 B ST",
    "AddressLine2": null,
    "City": "TRACY",
    "State": "CA",
    "PostalCode": 95376,
    "PostalCodePlus4": 4532,
    "AddressHouseNumber": 1,
    "AddressPreDirection": null,
    "AddressStreetName": "B",
    "AddressStreetSuffix": "ST",
    "AddressPostDirection": null,
    "AddressUnitType": null,
    "AddressUnitNumber": null,
    "CountyFips": 6077,
    "County": "SAN JOAQUIN",
    "Latitude": 37.730211,
    "Longitude": -121.428129,
    "CurrentOwner": "HOLQUIN CORREIA ISABEL",
    "OwnerOccupied": false,
    "ZIP1st3": 953,
    "ZIP1st4": 9537,
    "FullAddress": "1 B ST TRACY CA 95376-4532"
  },
  {
    "AssessorsParcelNumber": "109-630-070",
    "StandardizedAssessorsParcelNumber": "109630070",
    "AddressLine1": "1 BALDWIN AVE APT 507",
    "AddressLine2": null,
    "City": "SAN MATEO",
    "State": "CA",
    "PostalCode": 94401,
    "PostalCodePlus4": 3849,
    "AddressHouseNumber": 1,
    "AddressPreDirection": null,
    "AddressStreetName": "BALDWIN",
    "AddressStreetSuffix": "AVE",
    "AddressPostDirection": null,
    "AddressUnitType": "APT",
    "AddressUnitNumber": "507",
    "CountyFips": 6081,
    "County": "SAN MATEO",
    "Latitude": 37.56608,
    "Longitude": -122.327843,
    "CurrentOwner": "NEWMAN DAVID R TR \u0026 NEWMAN FRANCES J SCHENK TR",
    "OwnerOccupied": false,
    "ZIP1st3": 944,
    "ZIP1st4": 9440,
    "FullAddress": "1 BALDWIN AVE APT 507 SAN MATEO CA 94401-3849"
  },
  {
    "AssessorsParcelNumber": "029-151-19",
    "StandardizedAssessorsParcelNumber": "02915119",
    "AddressLine1": "1 BARRIE WAY",
    "AddressLine2": null,
    "City": "MILL VALLEY",
    "State": "CA",
    "PostalCode": 94941,
    "PostalCodePlus4": 1202,
    "AddressHouseNumber": 1,
    "AddressPreDirection": null,
    "AddressStreetName": "BARRIE",
    "AddressStreetSuffix": "WAY",
    "AddressPostDirection": null,
    "AddressUnitType": null,
    "AddressUnitNumber": null,
    "CountyFips": 6041,
    "County": "MARIN",
    "Latitude": 37.91679,
    "Longitude": -122.540676,
    "CurrentOwner": "NESBIT KEITH GORDON \u0026 NESBIT CHRISTINE KENNELLY",
    "OwnerOccupied": true,
    "ZIP1st3": 949,
    "ZIP1st4": 9494,
    "FullAddress": "1 BARRIE WAY MILL VALLEY CA 94941-1202"
  },
  {
    "AssessorsParcelNumber": "021-485-050",
    "StandardizedAssessorsParcelNumber": "021485050",
    "AddressLine1": "1 BLUEBELL CT",
    "AddressLine2": null,
    "City": "MILLBRAE",
    "State": "CA",
    "PostalCode": 94030,
    "PostalCodePlus4": 1661,
    "AddressHouseNumber": 1,
    "AddressPreDirection": null,
    "AddressStreetName": "BLUEBELL",
    "AddressStreetSuffix": "CT",
    "AddressPostDirection": null,
    "AddressUnitType": null,
    "AddressUnitNumber": null,
    "CountyFips": 6081,
    "County": "SAN MATEO",
    "Latitude": 37.603806,
    "Longitude": -122.403514,
    "CurrentOwner": "YEH HSIANG HUAN \u0026 HSIANG HUAN \u0026 SHUH MEI YEH 2006 TRUST BY",
    "OwnerOccupied": true,
    "ZIP1st3": 940,
    "ZIP1st4": 9403,
    "FullAddress": "1 BLUEBELL CT MILLBRAE CA 94030-1661"
  },
  {
    "AssessorsParcelNumber": "3786 -156",
    "StandardizedAssessorsParcelNumber": "3786156",
    "AddressLine1": "1 BLUXOME ST APT 414",
    "AddressLine2": null,
    "City": "SAN FRANCISCO",
    "State": "CA",
    "PostalCode": 94107,
    "PostalCodePlus4": 5523,
    "AddressHouseNumber": 1,
    "AddressPreDirection": null,
    "AddressStreetName": "BLUXOME",
    "AddressStreetSuffix": "ST",
    "AddressPostDirection": null,
    "AddressUnitType": "APT",
    "AddressUnitNumber": "414",
    "CountyFips": 6075,
    "County": "SAN FRANCISCO",
    "Latitude": 37.777446,
    "Longitude": -122.395788,
    "CurrentOwner": "SCHOONERMAN LISA K",
    "OwnerOccupied": true,
    "ZIP1st3": 941,
    "ZIP1st4": 9410,
    "FullAddress": "1 BLUXOME ST APT 414 SAN FRANCISCO CA 94107-5523"
  },
  {
    "AssessorsParcelNumber": "8954 -173",
    "StandardizedAssessorsParcelNumber": "8954173",
    "AddressLine1": "1 BRISTOL CT APT 519",
    "AddressLine2": null,
    "City": "SAN FRANCISCO",
    "State": "CA",
    "PostalCode": 94130,
    "PostalCodePlus4": 1728,
    "AddressHouseNumber": 1,
    "AddressPreDirection": null,
    "AddressStreetName": "BRISTOL",
    "AddressStreetSuffix": "CT",
    "AddressPostDirection": null,
    "AddressUnitType": "APT",
    "AddressUnitNumber": "519",
    "CountyFips": 6075,
    "County": "SAN FRANCISCO",
    "Latitude": 37.811423,
    "Longitude": -122.365554,
    "CurrentOwner": "LH YBI HOLDINGS LLC",
    "OwnerOccupied": false,
    "ZIP1st3": 941,
    "ZIP1st4": 9413,
    "FullAddress": "1 BRISTOL CT APT 519 SAN FRANCISCO CA 94130-1728"
  },
  {
    "AssessorsParcelNumber": "760-167-83-09",
    "StandardizedAssessorsParcelNumber": "7601678309",
    "AddressLine1": "1 CIVIC CENTER DR STE 210",
    "AddressLine2": null,
    "City": "SAN MARCOS",
    "State": "CA",
    "PostalCode": 92069,
    "PostalCodePlus4": 2934,
    "AddressHouseNumber": 1,
    "AddressPreDirection": null,
    "AddressStreetName": "CIVIC CENTER",
    "AddressStreetSuffix": "DR",
    "AddressPostDirection": null,
    "AddressUnitType": "STE",
    "AddressUnitNumber": "210",
    "CountyFips": 6073,
    "County": "SAN DIEGO",
    "Latitude": 33.140159,
    "Longitude": -117.160662,
    "CurrentOwner": "BRIGHTWORKS TECHNOLOGY INC",
    "OwnerOccupied": false,
    "ZIP1st3": 920,
    "ZIP1st4": 9206,
    "FullAddress": "1 CIVIC CENTER DR STE 210 SAN MARCOS CA 92069-2934"
  },
  {
    "AssessorsParcelNumber": "529-354-08",
    "StandardizedAssessorsParcelNumber": "52935408",
    "AddressLine1": "1 COLDHARBOR",
    "AddressLine2": null,
    "City": "IRVINE",
    "State": "CA",
    "PostalCode": 92620,
    "PostalCodePlus4": 3719,
    "AddressHouseNumber": 1,
    "AddressPreDirection": null,
    "AddressStreetName": "COLDHARBOR",
    "AddressStreetSuffix": null,
    "AddressPostDirection": null,
    "AddressUnitType": null,
    "AddressUnitNumber": null,
    "CountyFips": 6059,
    "County": "ORANGE",
    "Latitude": 33.700781,
    "Longitude": -117.770683,
    "CurrentOwner": "HOANG JOSEPH P \u0026 PHAM GENEVIEVE G",
    "OwnerOccupied": true,
    "ZIP1st3": 926,
    "ZIP1st4": 9262,
    "FullAddress": "1 COLDHARBOR IRVINE CA 92620-3719"
  },
  {
    "AssessorsParcelNumber": "447-201-16",
    "StandardizedAssessorsParcelNumber": "44720116",
    "AddressLine1": "1 CORSICA",
    "AddressLine2": null,
    "City": "IRVINE",
    "State": "CA",
    "PostalCode": 92614,
    "PostalCodePlus4": 5336,
    "AddressHouseNumber": 1,
    "AddressPreDirection": null,
    "AddressStreetName": "CORSICA",
    "AddressStreetSuffix": null,
    "AddressPostDirection": null,
    "AddressUnitType": null,
    "AddressUnitNumber": null,
    "CountyFips": 6059,
    "County": "ORANGE",
    "Latitude": 33.677244,
    "Longitude": -117.82282,
    "CurrentOwner": "WEI YILU AMANDA \u0026 THE YILU AMANDA WEI LIVING TRUST",
    "OwnerOccupied": true,
    "ZIP1st3": 926,
    "ZIP1st4": 9261,
    "FullAddress": "1 CORSICA IRVINE CA 92614-5336"
  },
  {
    "AssessorsParcelNumber": "772-310-75-01",
    "StandardizedAssessorsParcelNumber": "7723107501",
    "AddressLine1": "1 CRUSADER AVE",
    "AddressLine2": null,
    "City": "ESCONDIDO",
    "State": "CA",
    "PostalCode": 92027,
    "PostalCodePlus4": 2508,
    "AddressHouseNumber": 1,
    "AddressPreDirection": null,
    "AddressStreetName": "CRUSADER",
    "AddressStreetSuffix": "AVE",
    "AddressPostDirection": null,
    "AddressUnitType": null,
    "AddressUnitNumber": null,
    "CountyFips": 6073,
    "County": "SAN DIEGO",
    "Latitude": 33.134345,
    "Longitude": -117.056455,
    "CurrentOwner": "NOT AVAILABLE FROM THE DATA SOURCE",
    "OwnerOccupied": false,
    "ZIP1st3": 920,
    "ZIP1st4": 9202,
    "FullAddress": "1 CRUSADER AVE ESCONDIDO CA 92027-2508"
  },
  {
    "AssessorsParcelNumber": "030-570-001-000",
    "StandardizedAssessorsParcelNumber": "030570001000",
    "AddressLine1": "1 CULLY CT",
    "AddressLine2": null,
    "City": "OROVILLE",
    "State": "CA",
    "PostalCode": 95965,
    "PostalCodePlus4": 8116,
    "AddressHouseNumber": 1,
    "AddressPreDirection": null,
    "AddressStreetName": "CULLY",
    "AddressStreetSuffix": "CT",
    "AddressPostDirection": null,
    "AddressUnitType": null,
    "AddressUnitNumber": null,
    "CountyFips": 6007,
    "County": "BUTTE",
    "Latitude": 39.497706,
    "Longitude": -121.63401,
    "CurrentOwner": "MARINO ANTHONY R \u0026 MARINO BETTE E",
    "OwnerOccupied": true,
    "ZIP1st3": 959,
    "ZIP1st4": 9596,
    "FullAddress": "1 CULLY CT OROVILLE CA 95965-8116"
  },
  {
    "AssessorsParcelNumber": "0690 -022",
    "StandardizedAssessorsParcelNumber": "0690022",
    "AddressLine1": "1 DANIEL BURNHAM CT APT 108",
    "AddressLine2": null,
    "City": "SAN FRANCISCO",
    "State": "CA",
    "PostalCode": 94109,
    "PostalCodePlus4": 5460,
    "AddressHouseNumber": 1,
    "AddressPreDirection": null,
    "AddressStreetName": "DANIEL BURNHAM",
    "AddressStreetSuffix": "CT",
    "AddressPostDirection": null,
    "AddressUnitType": "APT",
    "AddressUnitNumber": "108",
    "CountyFips": 6075,
    "County": "SAN FRANCISCO",
    "Latitude": 37.78675,
    "Longitude": -122.422511,
    "CurrentOwner": "SAKAKIHARA ASAKICHI \u0026 THE ASAKICHI SAKAKIHARA REVOCABLE TRUST",
    "OwnerOccupied": true,
    "ZIP1st3": 941,
    "ZIP1st4": 9410,
    "FullAddress": "1 DANIEL BURNHAM CT APT 108 SAN FRANCISCO CA 94109-5460"
  },
  {
    "AssessorsParcelNumber": "0690 -252",
    "StandardizedAssessorsParcelNumber": "0690252",
    "AddressLine1": "1 DANIEL BURNHAM CT APT 1420",
    "AddressLine2": null,
    "City": "SAN FRANCISCO",
    "State": "CA",
    "PostalCode": 94109,
    "PostalCodePlus4": 5464,
    "AddressHouseNumber": 1,
    "AddressPreDirection": null,
    "AddressStreetName": "DANIEL BURNHAM",
    "AddressStreetSuffix": "CT",
    "AddressPostDirection": null,
    "AddressUnitType": "APT",
    "AddressUnitNumber": "1420",
    "CountyFips": 6075,
    "County": "SAN FRANCISCO",
    "Latitude": 37.78675,
    "Longitude": -122.422511,
    "CurrentOwner": "JIMENEZ JOSE LUIS",
    "OwnerOccupied": true,
    "ZIP1st3": 941,
    "ZIP1st4": 9410,
    "FullAddress": "1 DANIEL BURNHAM CT APT 1420 SAN FRANCISCO CA 94109-5464"
  },
  {
    "AssessorsParcelNumber": "0690 -124",
    "StandardizedAssessorsParcelNumber": "0690124",
    "AddressLine1": "1 DANIEL BURNHAM CT APT 517",
    "AddressLine2": null,
    "City": "SAN FRANCISCO",
    "State": "CA",
    "PostalCode": 94109,
    "PostalCodePlus4": 5458,
    "AddressHouseNumber": 1,
    "AddressPreDirection": null,
    "AddressStreetName": "DANIEL BURNHAM",
    "AddressStreetSuffix": "CT",
    "AddressPostDirection": null,
    "AddressUnitType": "APT",
    "AddressUnitNumber": "517",
    "CountyFips": 6075,
    "County": "SAN FRANCISCO",
    "Latitude": 37.78675,
    "Longitude": -122.422511,
    "CurrentOwner": "BUDDE ALEXA F",
    "OwnerOccupied": false,
    "ZIP1st3": 941,
    "ZIP1st4": 9410,
    "FullAddress": "1 DANIEL BURNHAM CT APT 517 SAN FRANCISCO CA 94109-5458"
  },
  {
    "AssessorsParcelNumber": "451-252-46",
    "StandardizedAssessorsParcelNumber": "45125246",
    "AddressLine1": "1 DEODAR",
    "AddressLine2": null,
    "City": "IRVINE",
    "State": "CA",
    "PostalCode": 92604,
    "PostalCodePlus4": 3156,
    "AddressHouseNumber": 1,
    "AddressPreDirection": null,
    "AddressStreetName": "DEODAR",
    "AddressStreetSuffix": null,
    "AddressPostDirection": null,
    "AddressUnitType": null,
    "AddressUnitNumber": null,
    "CountyFips": 6059,
    "County": "ORANGE",
    "Latitude": 33.68463,
    "Longitude": -117.775231,
    "CurrentOwner": "D \u0026 H PROPERTIES",
    "OwnerOccupied": false,
    "ZIP1st3": 926,
    "ZIP1st4": 9260,
    "FullAddress": "1 DEODAR IRVINE CA 92604-3156"
  },
  {
    "AssessorsParcelNumber": "249-83-015",
    "StandardizedAssessorsParcelNumber": "24983015",
    "AddressLine1": "1 E JULIAN ST UNIT 219",
    "AddressLine2": null,
    "City": "SAN JOSE",
    "State": "CA",
    "PostalCode": 95112,
    "PostalCodePlus4": 4082,
    "AddressHouseNumber": 1,
    "AddressPreDirection": "E",
    "AddressStreetName": "JULIAN",
    "AddressStreetSuffix": "ST",
    "AddressPostDirection": null,
    "AddressUnitType": "UNIT",
    "AddressUnitNumber": "219",
    "CountyFips": 6085,
    "County": "SANTA CLARA",
    "Latitude": 37.340965,
    "Longitude": -121.89387,
    "CurrentOwner": "KERSHING PAUL F \u0026 KERSHING ROSE E",
    "OwnerOccupied": false,
    "ZIP1st3": 951,
    "ZIP1st4": 9511,
    "FullAddress": "1 E JULIAN ST UNIT 219 SAN JOSE CA 95112-4082"
  },
  {
    "AssessorsParcelNumber": "004-102-001-000",
    "StandardizedAssessorsParcelNumber": "004102001000",
    "AddressLine1": "1 E MAIN ST",
    "AddressLine2": null,
    "City": "IONE",
    "State": "CA",
    "PostalCode": 95640,
    "PostalCodePlus4": 9199,
    "AddressHouseNumber": 1,
    "AddressPreDirection": "E",
    "AddressStreetName": "MAIN",
    "AddressStreetSuffix": "ST",
    "AddressPostDirection": null,
    "AddressUnitType": null,
    "AddressUnitNumber": null,
    "CountyFips": 6005,
    "County": "AMADOR",
    "Latitude": 38.35296,
    "Longitude": -120.933233,
    "CurrentOwner": "CITY OF IONE",
    "OwnerOccupied": false,
    "ZIP1st3": 956,
    "ZIP1st4": 9564,
    "FullAddress": "1 E MAIN ST IONE CA 95640-9199"
  },
  {
    "AssessorsParcelNumber": "208-27-572A",
    "StandardizedAssessorsParcelNumber": "20827572A",
    "AddressLine1": "1 E CANTERBURY CT",
    "AddressLine2": null,
    "City": "PHOENIX",
    "State": "AZ",
    "PostalCode": 85022,
    "PostalCodePlus4": 4203,
    "AddressHouseNumber": 1,
    "AddressPreDirection": "E",
    "AddressStreetName": "CANTERBURY",
    "AddressStreetSuffix": "CT",
    "AddressPostDirection": null,
    "AddressUnitType": null,
    "AddressUnitNumber": null,
    "CountyFips": 4013,
    "County": "MARICOPA",
    "Latitude": 33.615865,
    "Longitude": -112.071598,
    "CurrentOwner": "EDWARDS JR HARRY A",
    "OwnerOccupied": true,
    "ZIP1st3": 850,
    "ZIP1st4": 8502,
    "FullAddress": "1 E CANTERBURY CT PHOENIX AZ 85022-4203"
  },
  {
    "AssessorsParcelNumber": "118-34-145",
    "StandardizedAssessorsParcelNumber": "11834145",
    "AddressLine1": "1 E LEXINGTON AVE UNIT 406",
    "AddressLine2": null,
    "City": "PHOENIX",
    "State": "AZ",
    "PostalCode": 85012,
    "PostalCodePlus4": 2482,
    "AddressHouseNumber": 1,
    "AddressPreDirection": "E",
    "AddressStreetName": "LEXINGTON",
    "AddressStreetSuffix": "AVE",
    "AddressPostDirection": null,
    "AddressUnitType": "UNIT",
    "AddressUnitNumber": "406",
    "CountyFips": 4013,
    "County": "MARICOPA",
    "Latitude": 33.486084,
    "Longitude": -112.073235,
    "CurrentOwner": "ASHLEY LUTTENGGER M",
    "OwnerOccupied": true,
    "ZIP1st3": 850,
    "ZIP1st4": 8501,
    "FullAddress": "1 E LEXINGTON AVE UNIT 406 PHOENIX AZ 85012-2482"
  },
  {
    "AssessorsParcelNumber": "401-36-030A",
    "StandardizedAssessorsParcelNumber": "40136030A",
    "AddressLine1": "1 LITTLE HORSE LN",
    "AddressLine2": null,
    "City": "SEDONA",
    "State": "AZ",
    "PostalCode": 86336,
    "PostalCodePlus4": 7122,
    "AddressHouseNumber": 1,
    "AddressPreDirection": null,
    "AddressStreetName": "LITTLE HORSE",
    "AddressStreetSuffix": "LN",
    "AddressPostDirection": null,
    "AddressUnitType": null,
    "AddressUnitNumber": null,
    "CountyFips": 4005,
    "County": "COCONINO",
    "Latitude": 34.830775,
    "Longitude": -111.770282,
    "CurrentOwner": "EVANS FAMILY REVOCABLE TRUST",
    "OwnerOccupied": true,
    "ZIP1st3": 863,
    "ZIP1st4": 8633,
    "FullAddress": "1 LITTLE HORSE LN SEDONA AZ 86336-7122"
  },
  {
    "AssessorsParcelNumber": "106-27-187",
    "StandardizedAssessorsParcelNumber": "10627187",
    "AddressLine1": "1 N 3319",
    "AddressLine2": null,
    "City": "VERNON",
    "State": "AZ",
    "PostalCode": 85940,
    "PostalCodePlus4": null,
    "AddressHouseNumber": 1,
    "AddressPreDirection": "N",
    "AddressStreetName": "3319",
    "AddressStreetSuffix": null,
    "AddressPostDirection": null,
    "AddressUnitType": null,
    "AddressUnitNumber": null,
    "CountyFips": 4001,
    "County": "APACHE",
    "Latitude": 34.283039,
    "Longitude": -109.766325,
    "CurrentOwner": "TOUVELL JACQUELYN MARIE \u0026 PATIENCE MARY LOU",
    "OwnerOccupied": false,
    "ZIP1st3": 859,
    "ZIP1st4": 8594,
    "FullAddress": "1 N 3319 VERNON AZ 85940"
  },
  {
    "AssessorsParcelNumber": "203-40-001 43",
    "StandardizedAssessorsParcelNumber": "2034000143",
    "AddressLine1": "1 VC DR # 154",
    "AddressLine2": null,
    "City": "BELLEMONT",
    "State": "AZ",
    "PostalCode": 86015,
    "PostalCodePlus4": 5190,
    "AddressHouseNumber": 1,
    "AddressPreDirection": null,
    "AddressStreetName": "VC",
    "AddressStreetSuffix": "DR",
    "AddressPostDirection": null,
    "AddressUnitType": "#",
    "AddressUnitNumber": "154",
    "CountyFips": 4005,
    "County": "COCONINO",
    "Latitude": 35.247317,
    "Longitude": -111.835169,
    "CurrentOwner": "PINE VALLEY RESORT LLC",
    "OwnerOccupied": false,
    "ZIP1st3": 860,
    "ZIP1st4": 8601,
    "FullAddress": "1 VC DR # 154 BELLEMONT AZ 86015-5190"
  },
  {
    "AssessorsParcelNumber": "500-14-097",
    "StandardizedAssessorsParcelNumber": "50014097",
    "AddressLine1": "1 W BRINKER DR",
    "AddressLine2": null,
    "City": "AVONDALE",
    "State": "AZ",
    "PostalCode": 85323,
    "PostalCodePlus4": 1820,
    "AddressHouseNumber": 1,
    "AddressPreDirection": "W",
    "AddressStreetName": "BRINKER",
    "AddressStreetSuffix": "DR",
    "AddressPostDirection": null,
    "AddressUnitType": null,
    "AddressUnitNumber": null,
    "CountyFips": 4013,
    "County": "MARICOPA",
    "Latitude": 33.440979,
    "Longitude": -112.349932,
    "CurrentOwner": "AYALA JAVIER ARROYO \u0026 AYALA JR JACINTO ARROYO",
    "OwnerOccupied": false,
    "ZIP1st3": 853,
    "ZIP1st4": 8532,
    "FullAddress": "1 W BRINKER DR AVONDALE AZ 85323-1820"
  },
  {
    "AssessorsParcelNumber": "101-65-085",
    "StandardizedAssessorsParcelNumber": "10165085",
    "AddressLine1": "10 COUNTY ROAD 2069",
    "AddressLine2": null,
    "City": "ALPINE",
    "State": "AZ",
    "PostalCode": 85920,
    "PostalCodePlus4": null,
    "AddressHouseNumber": 10,
    "AddressPreDirection": null,
    "AddressStreetName": "COUNTY ROAD 2069",
    "AddressStreetSuffix": null,
    "AddressPostDirection": null,
    "AddressUnitType": null,
    "AddressUnitNumber": null,
    "CountyFips": 4001,
    "County": "APACHE",
    "Latitude": 33.829215,
    "Longitude": -109.147147,
    "CurrentOwner": "GERARD GERALD A \u0026 GERARD LARAINE",
    "OwnerOccupied": false,
    "ZIP1st3": 859,
    "ZIP1st4": 8592,
    "FullAddress": "10 COUNTY ROAD 2069 ALPINE AZ 85920"
  },
  {
    "AssessorsParcelNumber": "401-54-001",
    "StandardizedAssessorsParcelNumber": "40154001",
    "AddressLine1": "10 GAMBEL LN",
    "AddressLine2": null,
    "City": "SEDONA",
    "State": "AZ",
    "PostalCode": 86336,
    "PostalCodePlus4": 7121,
    "AddressHouseNumber": 10,
    "AddressPreDirection": null,
    "AddressStreetName": "GAMBEL",
    "AddressStreetSuffix": "LN",
    "AddressPostDirection": null,
    "AddressUnitType": null,
    "AddressUnitNumber": null,
    "CountyFips": 4005,
    "County": "COCONINO",
    "Latitude": 34.830727,
    "Longitude": -111.767359,
    "CurrentOwner": "RANDLE KEVIN RAY \u0026 THE KEVIN RAY RANDLE LIV TR",
    "OwnerOccupied": false,
    "ZIP1st3": 863,
    "ZIP1st4": 8633,
    "FullAddress": "10 GAMBEL LN SEDONA AZ 86336-7121"
  },
  {
    "AssessorsParcelNumber": "408-26-220B",
    "StandardizedAssessorsParcelNumber": "40826220B",
    "AddressLine1": "10 SADDLEROCK LN",
    "AddressLine2": null,
    "City": "SEDONA",
    "State": "AZ",
    "PostalCode": 86336,
    "PostalCodePlus4": 5724,
    "AddressHouseNumber": 10,
    "AddressPreDirection": null,
    "AddressStreetName": "SADDLEROCK",
    "AddressStreetSuffix": "LN",
    "AddressPostDirection": null,
    "AddressUnitType": null,
    "AddressUnitNumber": null,
    "CountyFips": 4025,
    "County": "YAVAPAI",
    "Latitude": 34.861139,
    "Longitude": -111.783568,
    "CurrentOwner": "BECKWITH ARTHUR H \u0026 BECKWITH MARSHA J",
    "OwnerOccupied": true,
    "ZIP1st3": 863,
    "ZIP1st4": 8633,
    "FullAddress": "10 SADDLEROCK LN SEDONA AZ 86336-5724"
  },
  {
    "AssessorsParcelNumber": "106-68-036",
    "StandardizedAssessorsParcelNumber": "10668036",
    "AddressLine1": "10 SHERBUNDY ST",
    "AddressLine2": null,
    "City": "SIERRA VISTA",
    "State": "AZ",
    "PostalCode": 85635,
    "PostalCodePlus4": 1425,
    "AddressHouseNumber": 10,
    "AddressPreDirection": null,
    "AddressStreetName": "SHERBUNDY",
    "AddressStreetSuffix": "ST",
    "AddressPostDirection": null,
    "AddressUnitType": null,
    "AddressUnitNumber": null,
    "CountyFips": 4003,
    "County": "COCHISE",
    "Latitude": 31.558674,
    "Longitude": -110.300181,
    "CurrentOwner": "THOMAS SCOTT \u0026 THOMAS LAURA",
    "OwnerOccupied": true,
    "ZIP1st3": 856,
    "ZIP1st4": 8563,
    "FullAddress": "10 SHERBUNDY ST SIERRA VISTA AZ 85635-1425"
  },
  {
    "AssessorsParcelNumber": "405-27-292",
    "StandardizedAssessorsParcelNumber": "40527292",
    "AddressLine1": "100 BELL ROCK PLZ",
    "AddressLine2": null,
    "City": "SEDONA",
    "State": "AZ",
    "PostalCode": 86351,
    "PostalCodePlus4": null,
    "AddressHouseNumber": 100,
    "AddressPreDirection": null,
    "AddressStreetName": "BELL ROCK",
    "AddressStreetSuffix": "PLZ",
    "AddressPostDirection": null,
    "AddressUnitType": null,
    "AddressUnitNumber": null,
    "CountyFips": 4025,
    "County": "YAVAPAI",
    "Latitude": 34.788519,
    "Longitude": -111.763873,
    "CurrentOwner": "JASLEAN LLC",
    "OwnerOccupied": false,
    "ZIP1st3": 863,
    "ZIP1st4": 8635,
    "FullAddress": "100 BELL ROCK PLZ SEDONA AZ 86351"
  },
  {
    "AssessorsParcelNumber": "515-37-6840",
    "StandardizedAssessorsParcelNumber": "515376840",
    "AddressLine1": "100 E BAJA PL",
    "AddressLine2": null,
    "City": "CASA GRANDE",
    "State": "AZ",
    "PostalCode": 85122,
    "PostalCodePlus4": 5281,
    "AddressHouseNumber": 100,
    "AddressPreDirection": "E",
    "AddressStreetName": "BAJA",
    "AddressStreetSuffix": "PL",
    "AddressPostDirection": null,
    "AddressUnitType": null,
    "AddressUnitNumber": null,
    "CountyFips": 4021,
    "County": "PINAL",
    "Latitude": 32.939664,
    "Longitude": -111.752393,
    "CurrentOwner": "ROMERO CHON J \u0026 ROMERO MELANIE A",
    "OwnerOccupied": true,
    "ZIP1st3": 851,
    "ZIP1st4": 8512,
    "FullAddress": "100 E BAJA PL CASA GRANDE AZ 85122-5281"
  },
  {
    "AssessorsParcelNumber": "162-20-001B",
    "StandardizedAssessorsParcelNumber": "16220001B",
    "AddressLine1": "100 E CAMELBACK RD",
    "AddressLine2": null,
    "City": "PHOENIX",
    "State": "AZ",
    "PostalCode": 85012,
    "PostalCodePlus4": 1060,
    "AddressHouseNumber": 100,
    "AddressPreDirection": "E",
    "AddressStreetName": "CAMELBACK",
    "AddressStreetSuffix": "RD",
    "AddressPostDirection": null,
    "AddressUnitType": null,
    "AddressUnitNumber": null,
    "CountyFips": 4013,
    "County": "MARICOPA",
    "Latitude": 33.510585,
    "Longitude": -112.072552,
    "CurrentOwner": "LEVINE INVESTMENTS LIMITED PARTNERSHIP",
    "OwnerOccupied": false,
    "ZIP1st3": 850,
    "ZIP1st4": 8501,
    "FullAddress": "100 E CAMELBACK RD PHOENIX AZ 85012-1060"
  },
  {
    "AssessorsParcelNumber": "343-21-255",
    "StandardizedAssessorsParcelNumber": "34321255",
    "AddressLine1": "100 E HAYSTACK DR",
    "AddressLine2": null,
    "City": "MEADVIEW",
    "State": "AZ",
    "PostalCode": 86444,
    "PostalCodePlus4": null,
    "AddressHouseNumber": 100,
    "AddressPreDirection": "E",
    "AddressStreetName": "HAYSTACK",
    "AddressStreetSuffix": "DR",
    "AddressPostDirection": null,
    "AddressUnitType": null,
    "AddressUnitNumber": null,
    "CountyFips": 4015,
    "County": "MOHAVE",
    "Latitude": 35.996348,
    "Longitude": -114.067203,
    "CurrentOwner": "MULLANE SCOTT D \u0026 MULLANE SHAWNA",
    "OwnerOccupied": false,
    "ZIP1st3": 864,
    "ZIP1st4": 8644,
    "FullAddress": "100 E HAYSTACK DR MEADVIEW AZ 86444"
  },
  {
    "AssessorsParcelNumber": "304-12-343",
    "StandardizedAssessorsParcelNumber": "30412343",
    "AddressLine1": "100 E OLIVE AVE",
    "AddressLine2": null,
    "City": "GILBERT",
    "State": "AZ",
    "PostalCode": 85234,
    "PostalCodePlus4": 4542,
    "AddressHouseNumber": 100,
    "AddressPreDirection": "E",
    "AddressStreetName": "OLIVE",
    "AddressStreetSuffix": "AVE",
    "AddressPostDirection": null,
    "AddressUnitType": null,
    "AddressUnitNumber": null,
    "CountyFips": 4013,
    "County": "MARICOPA",
    "Latitude": 33.360706,
    "Longitude": -111.787422,
    "CurrentOwner": "LAMERS DOUGLAS M \u0026 LAMERS CALLIE A",
    "OwnerOccupied": true,
    "ZIP1st3": 852,
    "ZIP1st4": 8523,
    "FullAddress": "100 E OLIVE AVE GILBERT AZ 85234-4542"
  },
  {
    "AssessorsParcelNumber": "407-32-010F",
    "StandardizedAssessorsParcelNumber": "40732010F",
    "AddressLine1": "100 N PLEASANT VW",
    "AddressLine2": null,
    "City": "CORNVILLE",
    "State": "AZ",
    "PostalCode": 86325,
    "PostalCodePlus4": 5754,
    "AddressHouseNumber": 100,
    "AddressPreDirection": "N",
    "AddressStreetName": "PLEASANT",
    "AddressStreetSuffix": "VW",
    "AddressPostDirection": null,
    "AddressUnitType": null,
    "AddressUnitNumber": null,
    "CountyFips": 4025,
    "County": "YAVAPAI",
    "Latitude": 34.740854,
    "Longitude": -111.917362,
    "CurrentOwner": "CONNETT BARBARA J \u0026 CONNETT JOHN L",
    "OwnerOccupied": false,
    "ZIP1st3": 863,
    "ZIP1st4": 8632,
    "FullAddress": "100 N PLEASANT VW CORNVILLE AZ 86325-5754"
  },
  {
    "AssessorsParcelNumber": "402-02-517",
    "StandardizedAssessorsParcelNumber": "40202517",
    "AddressLine1": "100 S DEWEY RD",
    "AddressLine2": null,
    "City": "DEWEY",
    "State": "AZ",
    "PostalCode": 86327,
    "PostalCodePlus4": 7099,
    "AddressHouseNumber": 100,
    "AddressPreDirection": "S",
    "AddressStreetName": "DEWEY",
    "AddressStreetSuffix": "RD",
    "AddressPostDirection": null,
    "AddressUnitType": null,
    "AddressUnitNumber": null,
    "CountyFips": 4025,
    "County": "YAVAPAI",
    "Latitude": 34.541587,
    "Longitude": -112.251664,
    "CurrentOwner": "MINGUS MOUNTAIN RES CENTER INC",
    "OwnerOccupied": false,
    "ZIP1st3": 863,
    "ZIP1st4": 8632,
    "FullAddress": "100 S DEWEY RD DEWEY AZ 86327-7099"
  },
  {
    "AssessorsParcelNumber": "115-11-486",
    "StandardizedAssessorsParcelNumber": "11511486",
    "AddressLine1": "100 VIA CALIENTE",
    "AddressLine2": null,
    "City": "RIO RICO",
    "State": "AZ",
    "PostalCode": 85648,
    "PostalCodePlus4": null,
    "AddressHouseNumber": 100,
    "AddressPreDirection": null,
    "AddressStreetName": "VIA CALIENTE",
    "AddressStreetSuffix": null,
    "AddressPostDirection": null,
    "AddressUnitType": null,
    "AddressUnitNumber": null,
    "CountyFips": 4023,
    "County": "SANTA CRUZ",
    "Latitude": 31.455266,
    "Longitude": -110.95401,
    "CurrentOwner": "CHAMBERLAIN ALEJANDRO \u0026 ALMA CECILIA THE CHAMBERLAIN FAMILY TRUST",
    "OwnerOccupied": false,
    "ZIP1st3": 856,
    "ZIP1st4": 8564,
    "FullAddress": "100 VIA CALIENTE RIO RICO AZ 85648"
  },
  {
    "AssessorsParcelNumber": "003-79-931-A",
    "StandardizedAssessorsParcelNumber": "00379931A",
    "AddressLine1": "100 W 25TH ST # 57",
    "AddressLine2": null,
    "City": "YUMA",
    "State": "AZ",
    "PostalCode": 85364,
    "PostalCodePlus4": 6388,
    "AddressHouseNumber": 100,
    "AddressPreDirection": "W",
    "AddressStreetName": "25TH",
    "AddressStreetSuffix": "ST",
    "AddressPostDirection": null,
    "AddressUnitType": "#",
    "AddressUnitNumber": "57",
    "CountyFips": 4027,
    "County": "YUMA",
    "Latitude": 32.682668,
    "Longitude": -114.620685,
    "CurrentOwner": "LEON MONICA GARCIA",
    "OwnerOccupied": false,
    "ZIP1st3": 853,
    "ZIP1st4": 8536,
    "FullAddress": "100 W 25TH ST # 57 YUMA AZ 85364-6388"
  },
  {
    "AssessorsParcelNumber": "3202-011-002-001",
    "StandardizedAssessorsParcelNumber": "3.20201E\u002B12",
    "AddressLine1": "1 ALOHA LN",
    "AddressLine2": null,
    "City": "ROCKPORT",
    "State": "TX",
    "PostalCode": 78382,
    "PostalCodePlus4": 3702,
    "AddressHouseNumber": 1,
    "AddressPreDirection": null,
    "AddressStreetName": "ALOHA",
    "AddressStreetSuffix": "LN",
    "AddressPostDirection": null,
    "AddressUnitType": null,
    "AddressUnitNumber": null,
    "CountyFips": 48007,
    "County": "ARANSAS",
    "Latitude": 28.037349,
    "Longitude": -97.027285,
    "CurrentOwner": "1 ALOHA ROCK LLC",
    "OwnerOccupied": false,
    "ZIP1st3": 783,
    "ZIP1st4": 7838,
    "FullAddress": "1 ALOHA LN ROCKPORT TX 78382-3702"
  },
  {
    "AssessorsParcelNumber": "5111046012-014-00-02",
    "StandardizedAssessorsParcelNumber": "51110460120140002",
    "AddressLine1": "1 AMY SCOTT CT",
    "AddressLine2": null,
    "City": "LONGVIEW",
    "State": "TX",
    "PostalCode": 75605,
    "PostalCodePlus4": 1619,
    "AddressHouseNumber": 1,
    "AddressPreDirection": null,
    "AddressStreetName": "AMY SCOTT",
    "AddressStreetSuffix": "CT",
    "AddressPostDirection": null,
    "AddressUnitType": null,
    "AddressUnitNumber": null,
    "CountyFips": 48183,
    "County": "GREGG",
    "Latitude": 32.549401,
    "Longitude": -94.778432,
    "CurrentOwner": "PLASTERER III KENNETH C \u0026 PLASTERER PAULA",
    "OwnerOccupied": true,
    "ZIP1st3": 756,
    "ZIP1st4": 7560,
    "FullAddress": "1 AMY SCOTT CT LONGVIEW TX 75605-1619"
  },
  {
    "AssessorsParcelNumber": "56447",
    "StandardizedAssessorsParcelNumber": "56447",
    "AddressLine1": "1 APACHE CT",
    "AddressLine2": null,
    "City": "BROWNWOOD",
    "State": "TX",
    "PostalCode": 76801,
    "PostalCodePlus4": 7605,
    "AddressHouseNumber": 1,
    "AddressPreDirection": null,
    "AddressStreetName": "APACHE",
    "AddressStreetSuffix": "CT",
    "AddressPostDirection": null,
    "AddressUnitType": null,
    "AddressUnitNumber": null,
    "CountyFips": 48049,
    "County": "BROWN",
    "Latitude": 31.664627,
    "Longitude": -98.961645,
    "CurrentOwner": "SIKES DONNA K",
    "OwnerOccupied": false,
    "ZIP1st3": 768,
    "ZIP1st4": 7680,
    "FullAddress": "1 APACHE CT BROWNWOOD TX 76801-7605"
  },
  {
    "AssessorsParcelNumber": "4750-0000-0004-00-0R",
    "StandardizedAssessorsParcelNumber": "475000000004000R",
    "AddressLine1": "1 AUSTIN CORNERS ST",
    "AddressLine2": null,
    "City": "ROCKWALL",
    "State": "TX",
    "PostalCode": 75032,
    "PostalCodePlus4": 9726,
    "AddressHouseNumber": 1,
    "AddressPreDirection": null,
    "AddressStreetName": "AUSTIN CORNERS",
    "AddressStreetSuffix": "ST",
    "AddressPostDirection": null,
    "AddressUnitType": null,
    "AddressUnitNumber": null,
    "CountyFips": 48397,
    "County": "ROCKWALL",
    "Latitude": 32.893988,
    "Longitude": -96.401503,
    "CurrentOwner": "CAMP RICHARD \u0026 CAMP TRISHA",
    "OwnerOccupied": true,
    "ZIP1st3": 750,
    "ZIP1st4": 7503,
    "FullAddress": "1 AUSTIN CORNERS ST ROCKWALL TX 75032-9726"
  },
  {
    "AssessorsParcelNumber": "40013",
    "StandardizedAssessorsParcelNumber": "40013",
    "AddressLine1": "1 BILL ROGERS DR",
    "AddressLine2": null,
    "City": "TEXARKANA",
    "State": "TX",
    "PostalCode": 75503,
    "PostalCodePlus4": 1809,
    "AddressHouseNumber": 1,
    "AddressPreDirection": null,
    "AddressStreetName": "BILL ROGERS",
    "AddressStreetSuffix": "DR",
    "AddressPostDirection": null,
    "AddressUnitType": null,
    "AddressUnitNumber": null,
    "CountyFips": 48037,
    "County": "BOWIE",
    "Latitude": 33.476852,
    "Longitude": -94.05944,
    "CurrentOwner": "\u0022DOWD",
    "OwnerOccupied": null,
    "ZIP1st3": null,
    "ZIP1st4": 755,
    "FullAddress": "7550"
  },
  {
    "AssessorsParcelNumber": "0111090133",
    "StandardizedAssessorsParcelNumber": "0111090133",
    "AddressLine1": "1 BRETT CV",
    "AddressLine2": null,
    "City": "ROLLINGWOOD",
    "State": "TX",
    "PostalCode": 78746,
    "PostalCodePlus4": 4606,
    "AddressHouseNumber": 1,
    "AddressPreDirection": null,
    "AddressStreetName": "BRETT",
    "AddressStreetSuffix": "CV",
    "AddressPostDirection": null,
    "AddressUnitType": null,
    "AddressUnitNumber": null,
    "CountyFips": 48453,
    "County": "TRAVIS",
    "Latitude": 30.282126,
    "Longitude": -97.787328,
    "CurrentOwner": "MOORE WILLIAM F \u0026 MOORE KIM M",
    "OwnerOccupied": true,
    "ZIP1st3": 787,
    "ZIP1st4": 7874,
    "FullAddress": "1 BRETT CV ROLLINGWOOD TX 78746-4606"
  },
  {
    "AssessorsParcelNumber": "000000299363",
    "StandardizedAssessorsParcelNumber": "000000299363",
    "AddressLine1": "1 BULL RUN DR",
    "AddressLine2": null,
    "City": "CANYON",
    "State": "TX",
    "PostalCode": 79015,
    "PostalCodePlus4": 1400,
    "AddressHouseNumber": 1,
    "AddressPreDirection": null,
    "AddressStreetName": "BULL RUN",
    "AddressStreetSuffix": "DR",
    "AddressPostDirection": null,
    "AddressUnitType": null,
    "AddressUnitNumber": null,
    "CountyFips": 48381,
    "County": "RANDALL",
    "Latitude": 35.020574,
    "Longitude": -101.936303,
    "CurrentOwner": "CANYON CAPITAL GROUP LLC",
    "OwnerOccupied": false,
    "ZIP1st3": 790,
    "ZIP1st4": 7901,
    "FullAddress": "1 BULL RUN DR CANYON TX 79015-1400"
  },
  {
    "AssessorsParcelNumber": "300232500T01X0000",
    "StandardizedAssessorsParcelNumber": "300232500T01X0000",
    "AddressLine1": "1 CAMELIA GROVE CT",
    "AddressLine2": null,
    "City": "HUTCHINS",
    "State": "TX",
    "PostalCode": 75141,
    "PostalCodePlus4": null,
    "AddressHouseNumber": 1,
    "AddressPreDirection": null,
    "AddressStreetName": "CAMELIA GROVE",
    "AddressStreetSuffix": "CT",
    "AddressPostDirection": null,
    "AddressUnitType": null,
    "AddressUnitNumber": null,
    "CountyFips": 48113,
    "County": "DALLAS",
    "Latitude": 0,
    "Longitude": 0,
    "CurrentOwner": "LGI HOMES - TEXAS LLC",
    "OwnerOccupied": false,
    "ZIP1st3": 751,
    "ZIP1st4": 7514,
    "FullAddress": "1 CAMELIA GROVE CT HUTCHINS TX 75141"
  },
  {
    "AssessorsParcelNumber": "R-009-3501-0215",
    "StandardizedAssessorsParcelNumber": "R00935010215",
    "AddressLine1": "1 COYOTE XING",
    "AddressLine2": null,
    "City": "CANYON",
    "State": "TX",
    "PostalCode": 79015,
    "PostalCodePlus4": 7297,
    "AddressHouseNumber": 1,
    "AddressPreDirection": null,
    "AddressStreetName": "COYOTE",
    "AddressStreetSuffix": "XING",
    "AddressPostDirection": null,
    "AddressUnitType": null,
    "AddressUnitNumber": null,
    "CountyFips": 48381,
    "County": "RANDALL",
    "Latitude": 34.986742,
    "Longitude": -101.939266,
    "CurrentOwner": "HINAKURA HOMES LLC",
    "OwnerOccupied": false,
    "ZIP1st3": 790,
    "ZIP1st4": 7901,
    "FullAddress": "1 COYOTE XING CANYON TX 79015-7297"
  },
  {
    "AssessorsParcelNumber": "R-16-3632-000A-0001",
    "StandardizedAssessorsParcelNumber": "R163632000A0001",
    "AddressLine1": "1 CYPRESS BLVD",
    "AddressLine2": null,
    "City": "ROUND ROCK",
    "State": "TX",
    "PostalCode": 78665,
    "PostalCodePlus4": null,
    "AddressHouseNumber": 1,
    "AddressPreDirection": null,
    "AddressStreetName": "CYPRESS",
    "AddressStreetSuffix": "BLVD",
    "AddressPostDirection": null,
    "AddressUnitType": null,
    "AddressUnitNumber": null,
    "CountyFips": 48491,
    "County": "WILLIAMSON",
    "Latitude": 30.547913,
    "Longitude": -97.685498,
    "CurrentOwner": "3724 ACQUISITIONS LLC",
    "OwnerOccupied": false,
    "ZIP1st3": 786,
    "ZIP1st4": 7866,
    "FullAddress": "1 CYPRESS BLVD ROUND ROCK TX 78665"
  },
  {
    "AssessorsParcelNumber": "111500130030943040300",
    "StandardizedAssessorsParcelNumber": "111500130030943040300",
    "AddressLine1": "1 CYPRESS PT",
    "AddressLine2": null,
    "City": "PAMPA",
    "State": "TX",
    "PostalCode": 79065,
    "PostalCodePlus4": 1130,
    "AddressHouseNumber": 1,
    "AddressPreDirection": null,
    "AddressStreetName": "CYPRESS",
    "AddressStreetSuffix": "PT",
    "AddressPostDirection": null,
    "AddressUnitType": null,
    "AddressUnitNumber": null,
    "CountyFips": 48179,
    "County": "GRAY",
    "Latitude": 35.589298,
    "Longitude": -100.947483,
    "CurrentOwner": "TURLEY KELLI",
    "OwnerOccupied": true,
    "ZIP1st3": 790,
    "ZIP1st4": 7906,
    "FullAddress": "1 CYPRESS PT PAMPA TX 79065-1130"
  },
  {
    "AssessorsParcelNumber": "R17043",
    "StandardizedAssessorsParcelNumber": "R17043",
    "AddressLine1": "1 HENSEL AVE",
    "AddressLine2": null,
    "City": "FRANCITAS",
    "State": "TX",
    "PostalCode": 77961,
    "PostalCodePlus4": null,
    "AddressHouseNumber": 1,
    "AddressPreDirection": null,
    "AddressStreetName": "HENSEL",
    "AddressStreetSuffix": "AVE",
    "AddressPostDirection": null,
    "AddressUnitType": null,
    "AddressUnitNumber": null,
    "CountyFips": 48239,
    "County": "JACKSON",
    "Latitude": 28.859714,
    "Longitude": -96.342265,
    "CurrentOwner": "WALLECK STEVEN C \u0026 WALLECK STEVEN CHAD",
    "OwnerOccupied": false,
    "ZIP1st3": 779,
    "ZIP1st4": 7796,
    "FullAddress": "1 HENSEL AVE FRANCITAS TX 77961"
  },
  {
    "AssessorsParcelNumber": "39960--1",
    "StandardizedAssessorsParcelNumber": "399601",
    "AddressLine1": "1 LARKWOOD LN",
    "AddressLine2": null,
    "City": "BURLESON",
    "State": "TX",
    "PostalCode": 76028,
    "PostalCodePlus4": 3614,
    "AddressHouseNumber": 1,
    "AddressPreDirection": null,
    "AddressStreetName": "LARKWOOD",
    "AddressStreetSuffix": "LN",
    "AddressPostDirection": null,
    "AddressUnitType": null,
    "AddressUnitNumber": null,
    "CountyFips": 48439,
    "County": "TARRANT",
    "Latitude": 32.558314,
    "Longitude": -97.255833,
    "CurrentOwner": "BROOKS THOMAS MICHAEL \u0026 BROOKS JUDITH ANN",
    "OwnerOccupied": true,
    "ZIP1st3": 760,
    "ZIP1st4": 7602,
    "FullAddress": "1 LARKWOOD LN BURLESON TX 76028-3614"
  },
  {
    "AssessorsParcelNumber": "R20418",
    "StandardizedAssessorsParcelNumber": "R20418",
    "AddressLine1": "1 LENA ST",
    "AddressLine2": null,
    "City": "HICO",
    "State": "TX",
    "PostalCode": 76457,
    "PostalCodePlus4": null,
    "AddressHouseNumber": 1,
    "AddressPreDirection": null,
    "AddressStreetName": "LENA",
    "AddressStreetSuffix": "ST",
    "AddressPostDirection": null,
    "AddressUnitType": null,
    "AddressUnitNumber": null,
    "CountyFips": 48193,
    "County": "HAMILTON",
    "Latitude": 31.985368,
    "Longitude": -98.03381,
    "CurrentOwner": "LIVELY ED MRS",
    "OwnerOccupied": false,
    "ZIP1st3": 764,
    "ZIP1st4": 7645,
    "FullAddress": "1 LENA ST HICO TX 76457"
  },
  {
    "AssessorsParcelNumber": "900-90221-258",
    "StandardizedAssessorsParcelNumber": "90090221258",
    "AddressLine1": "1 LIVINGSTON DR",
    "AddressLine2": null,
    "City": "LAREDO",
    "State": "TX",
    "PostalCode": 78045,
    "PostalCodePlus4": null,
    "AddressHouseNumber": 1,
    "AddressPreDirection": null,
    "AddressStreetName": "LIVINGSTON",
    "AddressStreetSuffix": "DR",
    "AddressPostDirection": null,
    "AddressUnitType": null,
    "AddressUnitNumber": null,
    "CountyFips": 48479,
    "County": "WEBB",
    "Latitude": 27.590505,
    "Longitude": -99.48916,
    "CurrentOwner": "CITY OF LAREDO",
    "OwnerOccupied": false,
    "ZIP1st3": 780,
    "ZIP1st4": 7804,
    "FullAddress": "1 LIVINGSTON DR LAREDO TX 78045"
  },
  {
    "AssessorsParcelNumber": "2.00415E\u002B14",
    "StandardizedAssessorsParcelNumber": "2.00415E\u002B14",
    "AddressLine1": "1 MATHER ST # A",
    "AddressLine2": null,
    "City": "WACO",
    "State": "TX",
    "PostalCode": 76705,
    "PostalCodePlus4": 1561,
    "AddressHouseNumber": 1,
    "AddressPreDirection": null,
    "AddressStreetName": "MATHER",
    "AddressStreetSuffix": "ST",
    "AddressPostDirection": null,
    "AddressUnitType": "#",
    "AddressUnitNumber": "A",
    "CountyFips": 48309,
    "County": "MCLENNAN",
    "Latitude": 31.633809,
    "Longitude": -97.088098,
    "CurrentOwner": "TEXAS STATE TECHNICAL COLLEGE",
    "OwnerOccupied": false,
    "ZIP1st3": 767,
    "ZIP1st4": 7670,
    "FullAddress": "1 MATHER ST # A WACO TX 76705-1561"
  },
  {
    "AssessorsParcelNumber": "R-044-3700-1590",
    "StandardizedAssessorsParcelNumber": "R04437001590",
    "AddressLine1": "1 MUIRFIELD LN",
    "AddressLine2": null,
    "City": "AMARILLO",
    "State": "TX",
    "PostalCode": 79124,
    "PostalCodePlus4": 4938,
    "AddressHouseNumber": 1,
    "AddressPreDirection": null,
    "AddressStreetName": "MUIRFIELD",
    "AddressStreetSuffix": "LN",
    "AddressPostDirection": null,
    "AddressUnitType": null,
    "AddressUnitNumber": null,
    "CountyFips": 48375,
    "County": "POTTER",
    "Latitude": 35.236237,
    "Longitude": -101.903852,
    "CurrentOwner": "HOANG THANH \u0026 XUAN THANH TRAN",
    "OwnerOccupied": true,
    "ZIP1st3": 791,
    "ZIP1st4": 7912,
    "FullAddress": "1 MUIRFIELD LN AMARILLO TX 79124-4938"
  },
  {
    "AssessorsParcelNumber": "S2650-01-000-0052-00",
    "StandardizedAssessorsParcelNumber": "S265001000005200",
    "AddressLine1": "1 N 22ND ST",
    "AddressLine2": null,
    "City": "MCALLEN",
    "State": "TX",
    "PostalCode": 78501,
    "PostalCodePlus4": null,
    "AddressHouseNumber": 1,
    "AddressPreDirection": "N",
    "AddressStreetName": "22ND",
    "AddressStreetSuffix": "ST",
    "AddressPostDirection": null,
    "AddressUnitType": null,
    "AddressUnitNumber": null,
    "CountyFips": 48215,
    "County": "HIDALGO",
    "Latitude": 26.205875,
    "Longitude": -98.243278,
    "CurrentOwner": "CHAPA ROBERT T",
    "OwnerOccupied": false,
    "ZIP1st3": 785,
    "ZIP1st4": 7850,
    "FullAddress": "1 N 22ND ST MCALLEN TX 78501"
  },
  {
    "AssessorsParcelNumber": "F4620-00-000-0001-00",
    "StandardizedAssessorsParcelNumber": "F462000000000100",
    "AddressLine1": "1 N EL PINTO RD",
    "AddressLine2": null,
    "City": "SULLIVAN CITY",
    "State": "TX",
    "PostalCode": 78595,
    "PostalCodePlus4": null,
    "AddressHouseNumber": 1,
    "AddressPreDirection": "N",
    "AddressStreetName": "EL PINTO",
    "AddressStreetSuffix": "RD",
    "AddressPostDirection": null,
    "AddressUnitType": null,
    "AddressUnitNumber": null,
    "CountyFips": 48215,
    "County": "HIDALGO",
    "Latitude": 26.28821,
    "Longitude": -98.562239,
    "CurrentOwner": "ALAFFA MARIO HUMBERTO \u0026 DE ALAFFA ESTRELLITA PADRON",
    "OwnerOccupied": false,
    "ZIP1st3": 785,
    "ZIP1st4": 7859,
    "FullAddress": "1 N EL PINTO RD SULLIVAN CITY TX 78595"
  },
  {
    "AssessorsParcelNumber": "1100941-000-010-00",
    "StandardizedAssessorsParcelNumber": "1.10094E\u002B14",
    "AddressLine1": "1 N OLD SPANISH TRL",
    "AddressLine2": null,
    "City": "KYLE",
    "State": "TX",
    "PostalCode": 78640,
    "PostalCodePlus4": 9375,
    "AddressHouseNumber": 1,
    "AddressPreDirection": "N",
    "AddressStreetName": "OLD SPANISH",
    "AddressStreetSuffix": "TRL",
    "AddressPostDirection": null,
    "AddressUnitType": null,
    "AddressUnitNumber": null,
    "CountyFips": 48055,
    "County": "CALDWELL",
    "Latitude": 29.956839,
    "Longitude": -97.785906,
    "CurrentOwner": "VOYLES EVAN \u0026 VOYLES CHOVAN GAIL",
    "OwnerOccupied": false,
    "ZIP1st3": 786,
    "ZIP1st4": 7864,
    "FullAddress": "1 N OLD SPANISH TRL KYLE TX 78640-9375"
  },
  {
    "AssessorsParcelNumber": "125089 1.-50-58",
    "StandardizedAssessorsParcelNumber": "12508915058",
    "AddressLine1": "019 SP FRANCHISE",
    "AddressLine2": null,
    "City": "SIDNEY",
    "State": "NY",
    "PostalCode": 13838,
    "PostalCodePlus4": null,
    "AddressHouseNumber": 19,
    "AddressPreDirection": null,
    "AddressStreetName": "SP FRANCHISE",
    "AddressStreetSuffix": null,
    "AddressPostDirection": null,
    "AddressUnitType": null,
    "AddressUnitNumber": null,
    "CountyFips": 36025,
    "County": "DELAWARE",
    "Latitude": 42.306613,
    "Longitude": -75.375068,
    "CurrentOwner": "CITIZENS TELE CO OF NY",
    "OwnerOccupied": false,
    "ZIP1st3": 138,
    "ZIP1st4": 1383,
    "FullAddress": "019 SP FRANCHISE SIDNEY NY 13838"
  },
  {
    "AssessorsParcelNumber": "00355-00504",
    "StandardizedAssessorsParcelNumber": "0035500504",
    "AddressLine1": "1 1ST PL # 4",
    "AddressLine2": null,
    "City": "BROOKLYN",
    "State": "NY",
    "PostalCode": 11231,
    "PostalCodePlus4": 3468,
    "AddressHouseNumber": 1,
    "AddressPreDirection": null,
    "AddressStreetName": "1ST",
    "AddressStreetSuffix": "PL",
    "AddressPostDirection": null,
    "AddressUnitType": "#",
    "AddressUnitNumber": "4",
    "CountyFips": 36047,
    "County": "KINGS",
    "Latitude": 40.681625,
    "Longitude": -74.000453,
    "CurrentOwner": "BIRBIGLIA MICHAEL P \u0026 STEIN JENNIFER H",
    "OwnerOccupied": false,
    "ZIP1st3": 112,
    "ZIP1st4": 1123,
    "FullAddress": "1 1ST PL # 4 BROOKLYN NY 11231-3468"
  },
  {
    "AssessorsParcelNumber": "414600 103.12-2-13",
    "StandardizedAssessorsParcelNumber": "4.146E\u002B13",
    "AddressLine1": "1 2ND ST",
    "AddressLine2": null,
    "City": "GANSEVOORT",
    "State": "NY",
    "PostalCode": 12831,
    "PostalCodePlus4": 2034,
    "AddressHouseNumber": 1,
    "AddressPreDirection": null,
    "AddressStreetName": "2ND",
    "AddressStreetSuffix": "ST",
    "AddressPostDirection": null,
    "AddressUnitType": null,
    "AddressUnitNumber": null,
    "CountyFips": 36091,
    "County": "SARATOGA",
    "Latitude": 43.196674,
    "Longitude": -73.646682,
    "CurrentOwner": "ASMUS KLINT E \u0026 ASMUS AMIE L",
    "OwnerOccupied": true,
    "ZIP1st3": 128,
    "ZIP1st4": 1283,
    "FullAddress": "1 2ND ST GANSEVOORT NY 12831-2034"
  },
  {
    "AssessorsParcelNumber": "382400 154.60-2-5",
    "StandardizedAssessorsParcelNumber": "3.824E\u002B12",
    "AddressLine1": "1 2ND ST",
    "AddressLine2": null,
    "City": "RENSSELAER",
    "State": "NY",
    "PostalCode": 12144,
    "PostalCodePlus4": 3517,
    "AddressHouseNumber": 1,
    "AddressPreDirection": null,
    "AddressStreetName": "2ND",
    "AddressStreetSuffix": "ST",
    "AddressPostDirection": null,
    "AddressUnitType": null,
    "AddressUnitNumber": null,
    "CountyFips": 36083,
    "County": "RENSSELAER",
    "Latitude": 42.62191,
    "Longitude": -73.741098,
    "CurrentOwner": "NATALE LINDA",
    "OwnerOccupied": true,
    "ZIP1st3": 121,
    "ZIP1st4": 1214,
    "FullAddress": "1 2ND ST RENSSELAER NY 12144-3517"
  },
  {
    "AssessorsParcelNumber": "00550-002212J",
    "StandardizedAssessorsParcelNumber": "00550002212J",
    "AddressLine1": "1 5TH AVE APT 12J",
    "AddressLine2": null,
    "City": "NEW YORK",
    "State": "NY",
    "PostalCode": 10003,
    "PostalCodePlus4": 4316,
    "AddressHouseNumber": 1,
    "AddressPreDirection": null,
    "AddressStreetName": "5TH",
    "AddressStreetSuffix": "AVE",
    "AddressPostDirection": null,
    "AddressUnitType": "APT",
    "AddressUnitNumber": "12J",
    "CountyFips": 36061,
    "County": "NEW YORK",
    "Latitude": 40.731964,
    "Longitude": -73.996332,
    "CurrentOwner": "KWIATEK ALFRED",
    "OwnerOccupied": false,
    "ZIP1st3": 100,
    "ZIP1st4": 1000,
    "FullAddress": "1 5TH AVE APT 12J NEW YORK NY 10003-4316"
  },
  {
    "AssessorsParcelNumber": "00550-002216C",
    "StandardizedAssessorsParcelNumber": "00550002216C",
    "AddressLine1": "1 5TH AVE APT 16C",
    "AddressLine2": null,
    "City": "NEW YORK",
    "State": "NY",
    "PostalCode": 10003,
    "PostalCodePlus4": 4317,
    "AddressHouseNumber": 1,
    "AddressPreDirection": null,
    "AddressStreetName": "5TH",
    "AddressStreetSuffix": "AVE",
    "AddressPostDirection": null,
    "AddressUnitType": "APT",
    "AddressUnitNumber": "16C",
    "CountyFips": 36061,
    "County": "NEW YORK",
    "Latitude": 40.731903,
    "Longitude": -73.996194,
    "CurrentOwner": "COOPER LORETTA",
    "OwnerOccupied": false,
    "ZIP1st3": 100,
    "ZIP1st4": 1000,
    "FullAddress": "1 5TH AVE APT 16C NEW YORK NY 10003-4317"
  },
  {
    "AssessorsParcelNumber": "00550-002219E",
    "StandardizedAssessorsParcelNumber": "00550002219E",
    "AddressLine1": "1 5TH AVE APT 19E",
    "AddressLine2": null,
    "City": "NEW YORK",
    "State": "NY",
    "PostalCode": 10003,
    "PostalCodePlus4": 4340,
    "AddressHouseNumber": 1,
    "AddressPreDirection": null,
    "AddressStreetName": "5TH",
    "AddressStreetSuffix": "AVE",
    "AddressPostDirection": null,
    "AddressUnitType": "APT",
    "AddressUnitNumber": "19E",
    "CountyFips": 36061,
    "County": "NEW YORK",
    "Latitude": 40.731964,
    "Longitude": -73.996332,
    "CurrentOwner": "DOBSON BARBARA",
    "OwnerOccupied": false,
    "ZIP1st3": 100,
    "ZIP1st4": 1000,
    "FullAddress": "1 5TH AVE APT 19E NEW YORK NY 10003-4340"
  },
  {
    "AssessorsParcelNumber": "00550-00228K",
    "StandardizedAssessorsParcelNumber": "0055000228K",
    "AddressLine1": "1 5TH AVE APT 8K",
    "AddressLine2": null,
    "City": "NEW YORK",
    "State": "NY",
    "PostalCode": 10003,
    "PostalCodePlus4": 4393,
    "AddressHouseNumber": 1,
    "AddressPreDirection": null,
    "AddressStreetName": "5TH",
    "AddressStreetSuffix": "AVE",
    "AddressPostDirection": null,
    "AddressUnitType": "APT",
    "AddressUnitNumber": "8K",
    "CountyFips": 36061,
    "County": "NEW YORK",
    "Latitude": 40.731964,
    "Longitude": -73.996332,
    "CurrentOwner": "DAVID L ENG",
    "OwnerOccupied": false,
    "ZIP1st3": 100,
    "ZIP1st4": 1000,
    "FullAddress": "1 5TH AVE APT 8K NEW YORK NY 10003-4393"
  },
  {
    "AssessorsParcelNumber": "65-102-00-0012",
    "StandardizedAssessorsParcelNumber": "65102000012",
    "AddressLine1": "1 ADAM RD W",
    "AddressLine2": null,
    "City": "MASSAPEQUA",
    "State": "NY",
    "PostalCode": 11758,
    "PostalCodePlus4": 8065,
    "AddressHouseNumber": 1,
    "AddressPreDirection": null,
    "AddressStreetName": "ADAM",
    "AddressStreetSuffix": "RD",
    "AddressPostDirection": "W",
    "AddressUnitType": null,
    "AddressUnitNumber": null,
    "CountyFips": 36059,
    "County": "NASSAU",
    "Latitude": 40.656583,
    "Longitude": -73.468159,
    "CurrentOwner": "DIVIRGILIO FRANK \u0026 DIVIRGILIO DEBORAH L",
    "OwnerOccupied": true,
    "ZIP1st3": 117,
    "ZIP1st4": 1175,
    "FullAddress": "1 ADAM RD W MASSAPEQUA NY 11758-8065"
  },
  {
    "AssessorsParcelNumber": "43-00D-00-0754-U-CA0023-00001",
    "StandardizedAssessorsParcelNumber": "4300D000754UCA002300001",
    "AddressLine1": "1 ALHAMBRA DR",
    "AddressLine2": null,
    "City": "OCEANSIDE",
    "State": "NY",
    "PostalCode": 11572,
    "PostalCodePlus4": 5425,
    "AddressHouseNumber": 1,
    "AddressPreDirection": null,
    "AddressStreetName": "ALHAMBRA",
    "AddressStreetSuffix": "DR",
    "AddressPostDirection": null,
    "AddressUnitType": null,
    "AddressUnitNumber": null,
    "CountyFips": 36059,
    "County": "NASSAU",
    "Latitude": 40.625244,
    "Longitude": -73.640054,
    "CurrentOwner": "PETRILLO ELLEN",
    "OwnerOccupied": true,
    "ZIP1st3": 115,
    "ZIP1st4": 1157,
    "FullAddress": "1 ALHAMBRA DR OCEANSIDE NY 11572-5425"
  },
  {
    "AssessorsParcelNumber": "551200 33.11-1-1./502",
    "StandardizedAssessorsParcelNumber": "5.512E\u002B14",
    "AddressLine1": "1 ARBOR WAY",
    "AddressLine2": null,
    "City": "PEEKSKILL",
    "State": "NY",
    "PostalCode": 10566,
    "PostalCodePlus4": 4861,
    "AddressHouseNumber": 1,
    "AddressPreDirection": null,
    "AddressStreetName": "ARBOR",
    "AddressStreetSuffix": "WAY",
    "AddressPostDirection": null,
    "AddressUnitType": null,
    "AddressUnitNumber": null,
    "CountyFips": 36119,
    "County": "WESTCHESTER",
    "Latitude": 41.286111,
    "Longitude": -73.902448,
    "CurrentOwner": "ZAGARELL JESSE \u0026 ZAGARELL JAHAIRA",
    "OwnerOccupied": true,
    "ZIP1st3": 105,
    "ZIP1st4": 1056,
    "FullAddress": "1 ARBOR WAY PEEKSKILL NY 10566-4861"
  },
  {
    "AssessorsParcelNumber": "03276-002422",
    "StandardizedAssessorsParcelNumber": "03276002422",
    "AddressLine1": "1 ASCAN AVE APT 22",
    "AddressLine2": null,
    "City": "FLUSHING",
    "State": "NY",
    "PostalCode": 11375,
    "PostalCodePlus4": 6083,
    "AddressHouseNumber": 1,
    "AddressPreDirection": null,
    "AddressStreetName": "ASCAN",
    "AddressStreetSuffix": "AVE",
    "AddressPostDirection": null,
    "AddressUnitType": "APT",
    "AddressUnitNumber": "22",
    "CountyFips": 36081,
    "County": "QUEENS",
    "Latitude": 40.717468,
    "Longitude": -73.841312,
    "CurrentOwner": "ASCAN AVE OWNERS CORP",
    "OwnerOccupied": true,
    "ZIP1st3": 113,
    "ZIP1st4": 1137,
    "FullAddress": "1 ASCAN AVE APT 22 FLUSHING NY 11375-6083"
  },
  {
    "AssessorsParcelNumber": "0500-142.00-02.00-075.000",
    "StandardizedAssessorsParcelNumber": "0500142000200075000",
    "AddressLine1": "1 ASH ST",
    "AddressLine2": null,
    "City": "CENTRAL ISLIP",
    "State": "NY",
    "PostalCode": 11722,
    "PostalCodePlus4": 3810,
    "AddressHouseNumber": 1,
    "AddressPreDirection": null,
    "AddressStreetName": "ASH",
    "AddressStreetSuffix": "ST",
    "AddressPostDirection": null,
    "AddressUnitType": null,
    "AddressUnitNumber": null,
    "CountyFips": 36103,
    "County": "SUFFOLK",
    "Latitude": 40.781542,
    "Longitude": -73.190158,
    "CurrentOwner": "ROBERT \u0026 TERESA GRABOWSKI",
    "OwnerOccupied": true,
    "ZIP1st3": 117,
    "ZIP1st4": 1172,
    "FullAddress": "1 ASH ST CENTRAL ISLIP NY 11722-3810"
  },
  {
    "AssessorsParcelNumber": "01-053-00-0319",
    "StandardizedAssessorsParcelNumber": "01053000319",
    "AddressLine1": "1 BAKER HILL RD",
    "AddressLine2": null,
    "City": "GREAT NECK",
    "State": "NY",
    "PostalCode": 11023,
    "PostalCodePlus4": 1413,
    "AddressHouseNumber": 1,
    "AddressPreDirection": null,
    "AddressStreetName": "BAKER HILL",
    "AddressStreetSuffix": "RD",
    "AddressPostDirection": null,
    "AddressUnitType": null,
    "AddressUnitNumber": null,
    "CountyFips": 36059,
    "County": "NASSAU",
    "Latitude": 40.800275,
    "Longitude": -73.733513,
    "CurrentOwner": "SHADIBAKHSH SEPIDEH",
    "OwnerOccupied": true,
    "ZIP1st3": 110,
    "ZIP1st4": 1102,
    "FullAddress": "1 BAKER HILL RD GREAT NECK NY 11023-1413"
  },
  {
    "AssessorsParcelNumber": "551700 125.67-1-3",
    "StandardizedAssessorsParcelNumber": "5.517E\u002B12",
    "AddressLine1": "1 BARKER AVE",
    "AddressLine2": null,
    "City": "WHITE PLAINS",
    "State": "NY",
    "PostalCode": 10601,
    "PostalCodePlus4": 1517,
    "AddressHouseNumber": 1,
    "AddressPreDirection": null,
    "AddressStreetName": "BARKER",
    "AddressStreetSuffix": "AVE",
    "AddressPostDirection": null,
    "AddressUnitType": null,
    "AddressUnitNumber": null,
    "CountyFips": 36119,
    "County": "WESTCHESTER",
    "Latitude": 41.034873,
    "Longitude": -73.771231,
    "CurrentOwner": "1 BARKER AVE LLC",
    "OwnerOccupied": false,
    "ZIP1st3": 106,
    "ZIP1st4": 1060,
    "FullAddress": "1 BARKER AVE WHITE PLAINS NY 10601-1517"
  },
  {
    "AssessorsParcelNumber": "0800-114.00-08.00-004.018",
    "StandardizedAssessorsParcelNumber": "0800114000800004018",
    "AddressLine1": "1 BARRETT CT",
    "AddressLine2": null,
    "City": "NESCONSET",
    "State": "NY",
    "PostalCode": 11767,
    "PostalCodePlus4": 1542,
    "AddressHouseNumber": 1,
    "AddressPreDirection": null,
    "AddressStreetName": "BARRETT",
    "AddressStreetSuffix": "CT",
    "AddressPostDirection": null,
    "AddressUnitType": null,
    "AddressUnitNumber": null,
    "CountyFips": 36103,
    "County": "SUFFOLK",
    "Latitude": 40.858866,
    "Longitude": -73.138541,
    "CurrentOwner": "LONGOBARDI CHRISTINE \u0026 LONGOBARDI JOSEPH",
    "OwnerOccupied": true,
    "ZIP1st3": 117,
    "ZIP1st4": 1176,
    "FullAddress": "1 BARRETT CT NESCONSET NY 11767-1542"
  },
  {
    "AssessorsParcelNumber": "513400 62.3-2-12.110",
    "StandardizedAssessorsParcelNumber": "5.13401E\u002B14",
    "AddressLine1": "1 BASTEN LN",
    "AddressLine2": null,
    "City": "KINGSTON",
    "State": "NY",
    "PostalCode": 12401,
    "PostalCodePlus4": 7878,
    "AddressHouseNumber": 1,
    "AddressPreDirection": null,
    "AddressStreetName": "BASTEN",
    "AddressStreetSuffix": "LN",
    "AddressPostDirection": null,
    "AddressUnitType": null,
    "AddressUnitNumber": null,
    "CountyFips": 36111,
    "County": "ULSTER",
    "Latitude": 41.86567,
    "Longitude": -74.126733,
    "CurrentOwner": "BRESS ANNE \u0026 FERRI STEVE",
    "OwnerOccupied": true,
    "ZIP1st3": 124,
    "ZIP1st4": 1240,
    "FullAddress": "1 BASTEN LN KINGSTON NY 12401-7878"
  },
  {
    "AssessorsParcelNumber": "0200-984.60-07.00-007.000",
    "StandardizedAssessorsParcelNumber": "0200984600700007000",
    "AddressLine1": "1 BELLPORT RD",
    "AddressLine2": null,
    "City": "MASTIC BEACH",
    "State": "NY",
    "PostalCode": 11951,
    "PostalCodePlus4": 6805,
    "AddressHouseNumber": 1,
    "AddressPreDirection": null,
    "AddressStreetName": "BELLPORT",
    "AddressStreetSuffix": "RD",
    "AddressPostDirection": null,
    "AddressUnitType": null,
    "AddressUnitNumber": null,
    "CountyFips": 36103,
    "County": "SUFFOLK",
    "Latitude": 40.747201,
    "Longitude": -72.854625,
    "CurrentOwner": "TSOMBANDIS PAUL \u0026 TSOMBANDIS IPATEA TSOMB",
    "OwnerOccupied": false,
    "ZIP1st3": 119,
    "ZIP1st4": 1195,
    "FullAddress": "1 BELLPORT RD MASTIC BEACH NY 11951-6805"
  },
  {
    "AssessorsParcelNumber": "551000 5-1481-0023",
    "StandardizedAssessorsParcelNumber": "5.51001E\u002B14",
    "AddressLine1": "1 BERGHOLZ DR",
    "AddressLine2": null,
    "City": "NEW ROCHELLE",
    "State": "NY",
    "PostalCode": 10801,
    "PostalCodePlus4": 2318,
    "AddressHouseNumber": 1,
    "AddressPreDirection": null,
    "AddressStreetName": "BERGHOLZ",
    "AddressStreetSuffix": "DR",
    "AddressPostDirection": null,
    "AddressUnitType": null,
    "AddressUnitNumber": null,
    "CountyFips": 36119,
    "County": "WESTCHESTER",
    "Latitude": 40.918253,
    "Longitude": -73.800275,
    "CurrentOwner": "APOTHEKER DAVID J \u0026 APOTHEKER CATHERINE C",
    "OwnerOccupied": true,
    "ZIP1st3": 108,
    "ZIP1st4": 1080,
    "FullAddress": "1 BERGHOLZ DR NEW ROCHELLE NY 10801-2318"
  },
  {
    "AssessorsParcelNumber": "553000 10528-006-0018",
    "StandardizedAssessorsParcelNumber": "553000105280060018",
    "AddressLine1": "1 BOUNTONVILLE RD",
    "AddressLine2": null,
    "City": "CROSS RIVER",
    "State": "NY",
    "PostalCode": 10518,
    "PostalCodePlus4": 1501,
    "AddressHouseNumber": 1,
    "AddressPreDirection": null,
    "AddressStreetName": "BOUNTONVILLE",
    "AddressStreetSuffix": "RD",
    "AddressPostDirection": null,
    "AddressUnitType": null,
    "AddressUnitNumber": null,
    "CountyFips": 36119,
    "County": "WESTCHESTER",
    "Latitude": 41.25945,
    "Longitude": -73.615047,
    "CurrentOwner": "RANKOWITZ DEBORAH K",
    "OwnerOccupied": true,
    "ZIP1st3": 105,
    "ZIP1st4": 1051,
    "FullAddress": "1 BOUNTONVILLE RD CROSS RIVER NY 10518-1501"
  },
  {
    "AssessorsParcelNumber": "20-15-  36-0093.0000",
    "StandardizedAssessorsParcelNumber": "2.01536E\u002B13",
    "AddressLine1": "1 BAPTIST MOUNTAIN RD",
    "AddressLine2": null,
    "City": "CHARLESTON",
    "State": "WV",
    "PostalCode": 25311,
    "PostalCodePlus4": 9614,
    "AddressHouseNumber": 1,
    "AddressPreDirection": null,
    "AddressStreetName": "BAPTIST MOUNTAIN",
    "AddressStreetSuffix": "RD",
    "AddressPostDirection": null,
    "AddressUnitType": null,
    "AddressUnitNumber": null,
    "CountyFips": 54039,
    "County": "KANAWHA",
    "Latitude": 38.393362,
    "Longitude": -81.552545,
    "CurrentOwner": "KANAWHA BAPTIST TEMPLE",
    "OwnerOccupied": false,
    "ZIP1st3": 253,
    "ZIP1st4": 2531,
    "FullAddress": "1 BAPTIST MOUNTAIN RD CHARLESTON WV 25311-9614"
  },
  {
    "AssessorsParcelNumber": "40-02- 115-0006.0001",
    "StandardizedAssessorsParcelNumber": "4.00212E\u002B14",
    "AddressLine1": "1 BOWLES LN",
    "AddressLine2": null,
    "City": "LEON",
    "State": "WV",
    "PostalCode": 25123,
    "PostalCodePlus4": null,
    "AddressHouseNumber": 1,
    "AddressPreDirection": null,
    "AddressStreetName": "BOWLES",
    "AddressStreetSuffix": "LN",
    "AddressPostDirection": null,
    "AddressUnitType": null,
    "AddressUnitNumber": null,
    "CountyFips": 54079,
    "County": "PUTNAM",
    "Latitude": 38.661118,
    "Longitude": -81.861175,
    "CurrentOwner": "VANNOY BRANDON A",
    "OwnerOccupied": false,
    "ZIP1st3": 251,
    "ZIP1st4": 2512,
    "FullAddress": "1 BOWLES LN LEON WV 25123"
  },
  {
    "AssessorsParcelNumber": "20-22-  36-0167.0000",
    "StandardizedAssessorsParcelNumber": "2.02236E\u002B13",
    "AddressLine1": "1 GEARY RD",
    "AddressLine2": null,
    "City": "SOUTH CHARLESTON",
    "State": "WV",
    "PostalCode": 25303,
    "PostalCodePlus4": 2704,
    "AddressHouseNumber": 1,
    "AddressPreDirection": null,
    "AddressStreetName": "GEARY",
    "AddressStreetSuffix": "RD",
    "AddressPostDirection": null,
    "AddressUnitType": null,
    "AddressUnitNumber": null,
    "CountyFips": 54039,
    "County": "KANAWHA",
    "Latitude": 38.352428,
    "Longitude": -81.677252,
    "CurrentOwner": "RYAN DONALD W \u0026 RYAN GENA I",
    "OwnerOccupied": true,
    "ZIP1st3": 253,
    "ZIP1st4": 2530,
    "FullAddress": "1 GEARY RD SOUTH CHARLESTON WV 25303-2704"
  },
  {
    "AssessorsParcelNumber": "20-21-   3-0239.0000",
    "StandardizedAssessorsParcelNumber": "2.0213E\u002B12",
    "AddressLine1": "1 HIGHLINE PARK",
    "AddressLine2": null,
    "City": "MARMET",
    "State": "WV",
    "PostalCode": 25315,
    "PostalCodePlus4": 1737,
    "AddressHouseNumber": 1,
    "AddressPreDirection": null,
    "AddressStreetName": "HIGHLINE",
    "AddressStreetSuffix": "PARK",
    "AddressPostDirection": null,
    "AddressUnitType": null,
    "AddressUnitNumber": null,
    "CountyFips": 54039,
    "County": "KANAWHA",
    "Latitude": 38.250307,
    "Longitude": -81.567863,
    "CurrentOwner": "TORI LLC",
    "OwnerOccupied": false,
    "ZIP1st3": 253,
    "ZIP1st4": 2531,
    "FullAddress": "1 HIGHLINE PARK MARMET WV 25315-1737"
  },
  {
    "AssessorsParcelNumber": "38-03- 24F-0001.0000",
    "StandardizedAssessorsParcelNumber": "380324F00010000",
    "AddressLine1": "1 HUNTERS TRL",
    "AddressLine2": null,
    "City": "DUNMORE",
    "State": "WV",
    "PostalCode": 24934,
    "PostalCodePlus4": null,
    "AddressHouseNumber": 1,
    "AddressPreDirection": null,
    "AddressStreetName": "HUNTERS",
    "AddressStreetSuffix": "TRL",
    "AddressPostDirection": null,
    "AddressUnitType": null,
    "AddressUnitNumber": null,
    "CountyFips": 54075,
    "County": "POCAHONTAS",
    "Latitude": 38.387607,
    "Longitude": -79.858302,
    "CurrentOwner": "FORBES WILLIAM J \u0026 CHARLES C",
    "OwnerOccupied": false,
    "ZIP1st3": 249,
    "ZIP1st4": 2493,
    "FullAddress": "1 HUNTERS TRL DUNMORE WV 24934"
  },
  {
    "AssessorsParcelNumber": "31-18- 23N-0001.0000",
    "StandardizedAssessorsParcelNumber": "311823N00010000",
    "AddressLine1": "1 LAFOLLETTE DR",
    "AddressLine2": null,
    "City": "MORGANTOWN",
    "State": "WV",
    "PostalCode": 26508,
    "PostalCodePlus4": 8005,
    "AddressHouseNumber": 1,
    "AddressPreDirection": null,
    "AddressStreetName": "LAFOLLETTE",
    "AddressStreetSuffix": "DR",
    "AddressPostDirection": null,
    "AddressUnitType": null,
    "AddressUnitNumber": null,
    "CountyFips": 54061,
    "County": "MONONGALIA",
    "Latitude": 39.645841,
    "Longitude": -79.863356,
    "CurrentOwner": "BONFILI KATRINA",
    "OwnerOccupied": true,
    "ZIP1st3": 265,
    "ZIP1st4": 2650,
    "FullAddress": "1 LAFOLLETTE DR MORGANTOWN WV 26508-8005"
  },
  {
    "AssessorsParcelNumber": "40-04-230G-0036.0000",
    "StandardizedAssessorsParcelNumber": "4004230G00360000",
    "AddressLine1": "1 MEADOW DR",
    "AddressLine2": null,
    "City": "HURRICANE",
    "State": "WV",
    "PostalCode": 25526,
    "PostalCodePlus4": 1059,
    "AddressHouseNumber": 1,
    "AddressPreDirection": null,
    "AddressStreetName": "MEADOW",
    "AddressStreetSuffix": "DR",
    "AddressPostDirection": null,
    "AddressUnitType": null,
    "AddressUnitNumber": null,
    "CountyFips": 54079,
    "County": "PUTNAM",
    "Latitude": 38.424137,
    "Longitude": -82.049123,
    "CurrentOwner": "SHIRKEY JANICE L \u0026 SHIRKEY BENJAMIN D",
    "OwnerOccupied": true,
    "ZIP1st3": 255,
    "ZIP1st4": 2552,
    "FullAddress": "1 MEADOW DR HURRICANE WV 25526-1059"
  },
  {
    "AssessorsParcelNumber": "06-04-  3P-0062.0000",
    "StandardizedAssessorsParcelNumber": "06043P00620000",
    "AddressLine1": "1 THOMAS AVE",
    "AddressLine2": null,
    "City": "HUNTINGTON",
    "State": "WV",
    "PostalCode": 25705,
    "PostalCodePlus4": 2842,
    "AddressHouseNumber": 1,
    "AddressPreDirection": null,
    "AddressStreetName": "THOMAS",
    "AddressStreetSuffix": "AVE",
    "AddressPostDirection": null,
    "AddressUnitType": null,
    "AddressUnitNumber": null,
    "CountyFips": 54011,
    "County": "CABELL",
    "Latitude": 38.409378,
    "Longitude": -82.380747,
    "CurrentOwner": "RITCHIE DAVID \u0026 RITCHIE SABRINA",
    "OwnerOccupied": true,
    "ZIP1st3": 257,
    "ZIP1st4": 2570,
    "FullAddress": "1 THOMAS AVE HUNTINGTON WV 25705-2842"
  },
  {
    "AssessorsParcelNumber": "40-10-212B-0001.0000",
    "StandardizedAssessorsParcelNumber": "4010212B00010000",
    "AddressLine1": "1 WEDGEWOOD DR",
    "AddressLine2": null,
    "City": "HURRICANE",
    "State": "WV",
    "PostalCode": 25526,
    "PostalCodePlus4": 9281,
    "AddressHouseNumber": 1,
    "AddressPreDirection": null,
    "AddressStreetName": "WEDGEWOOD",
    "AddressStreetSuffix": "DR",
    "AddressPostDirection": null,
    "AddressUnitType": null,
    "AddressUnitNumber": null,
    "CountyFips": 54079,
    "County": "PUTNAM",
    "Latitude": 38.454072,
    "Longitude": -81.957928,
    "CurrentOwner": "DIALS JERRY",
    "OwnerOccupied": true,
    "ZIP1st3": 255,
    "ZIP1st4": 2552,
    "FullAddress": "1 WEDGEWOOD DR HURRICANE WV 25526-9281"
  },
  {
    "AssessorsParcelNumber": "06-01-  10-0030.0000",
    "StandardizedAssessorsParcelNumber": "06011000300000",
    "AddressLine1": "1 WILDWOOD RD",
    "AddressLine2": null,
    "City": "ONA",
    "State": "WV",
    "PostalCode": 25545,
    "PostalCodePlus4": null,
    "AddressHouseNumber": 1,
    "AddressPreDirection": null,
    "AddressStreetName": "WILDWOOD",
    "AddressStreetSuffix": "RD",
    "AddressPostDirection": null,
    "AddressUnitType": null,
    "AddressUnitNumber": null,
    "CountyFips": 54011,
    "County": "CABELL",
    "Latitude": 0,
    "Longitude": 0,
    "CurrentOwner": "BMG YIELD FUND II LLC",
    "OwnerOccupied": false,
    "ZIP1st3": 255,
    "ZIP1st4": 2554,
    "FullAddress": "1 WILDWOOD RD ONA WV 25545"
  },
  {
    "AssessorsParcelNumber": "05-01-B36B-0044.0000",
    "StandardizedAssessorsParcelNumber": "0501B36B00440000",
    "AddressLine1": "10 2ND ST",
    "AddressLine2": null,
    "City": "BEECH BOTTOM",
    "State": "WV",
    "PostalCode": 26030,
    "PostalCodePlus4": 1003,
    "AddressHouseNumber": 10,
    "AddressPreDirection": null,
    "AddressStreetName": "2ND",
    "AddressStreetSuffix": "ST",
    "AddressPostDirection": null,
    "AddressUnitType": null,
    "AddressUnitNumber": null,
    "CountyFips": 54009,
    "County": "BROOKE",
    "Latitude": 40.227618,
    "Longitude": -80.652018,
    "CurrentOwner": "SPEECE ADAM",
    "OwnerOccupied": false,
    "ZIP1st3": 260,
    "ZIP1st4": 2603,
    "FullAddress": "10 2ND ST BEECH BOTTOM WV 26030-1003"
  },
  {
    "AssessorsParcelNumber": "42-02- 123-0027.0001",
    "StandardizedAssessorsParcelNumber": "4.20212E\u002B14",
    "AddressLine1": "10 BENNETT DR",
    "AddressLine2": null,
    "City": "BEVERLY",
    "State": "WV",
    "PostalCode": 26253,
    "PostalCodePlus4": 4888,
    "AddressHouseNumber": 10,
    "AddressPreDirection": null,
    "AddressStreetName": "BENNETT",
    "AddressStreetSuffix": "DR",
    "AddressPostDirection": null,
    "AddressUnitType": null,
    "AddressUnitNumber": null,
    "CountyFips": 54083,
    "County": "RANDOLPH",
    "Latitude": 38.851393,
    "Longitude": -79.866918,
    "CurrentOwner": "M \u0026 D PROPERTIES LLC",
    "OwnerOccupied": false,
    "ZIP1st3": 262,
    "ZIP1st4": 2625,
    "FullAddress": "10 BENNETT DR BEVERLY WV 26253-4888"
  },
  {
    "AssessorsParcelNumber": "31-03- 17B-0078.0000",
    "StandardizedAssessorsParcelNumber": "310317B00780000",
    "AddressLine1": "10 EDWARD ST",
    "AddressLine2": null,
    "City": "MORGANTOWN",
    "State": "WV",
    "PostalCode": 26501,
    "PostalCodePlus4": 2216,
    "AddressHouseNumber": 10,
    "AddressPreDirection": null,
    "AddressStreetName": "EDWARD",
    "AddressStreetSuffix": "ST",
    "AddressPostDirection": null,
    "AddressUnitType": null,
    "AddressUnitNumber": null,
    "CountyFips": 54061,
    "County": "MONONGALIA",
    "Latitude": 39.667327,
    "Longitude": -80.048544,
    "CurrentOwner": "BARTHOLOW DOROTHY J",
    "OwnerOccupied": true,
    "ZIP1st3": 265,
    "ZIP1st4": 2650,
    "FullAddress": "10 EDWARD ST MORGANTOWN WV 26501-2216"
  },
  {
    "AssessorsParcelNumber": "25-11-   3-0210.0000",
    "StandardizedAssessorsParcelNumber": "2.5113E\u002B12",
    "AddressLine1": "10 PARK ST",
    "AddressLine2": null,
    "City": "MOUNDSVILLE",
    "State": "WV",
    "PostalCode": 26041,
    "PostalCodePlus4": 1110,
    "AddressHouseNumber": 10,
    "AddressPreDirection": null,
    "AddressStreetName": "PARK",
    "AddressStreetSuffix": "ST",
    "AddressPostDirection": null,
    "AddressUnitType": null,
    "AddressUnitNumber": null,
    "CountyFips": 54051,
    "County": "MARSHALL",
    "Latitude": 39.930509,
    "Longitude": -80.735269,
    "CurrentOwner": "MORGAN SEAN A",
    "OwnerOccupied": true,
    "ZIP1st3": 260,
    "ZIP1st4": 2604,
    "FullAddress": "10 PARK ST MOUNDSVILLE WV 26041-1110"
  },
  {
    "AssessorsParcelNumber": "20-16- 12L-0197.0000",
    "StandardizedAssessorsParcelNumber": "201612L01970000",
    "AddressLine1": "10 PIPESTEM DR",
    "AddressLine2": null,
    "City": "SAINT ALBANS",
    "State": "WV",
    "PostalCode": 25177,
    "PostalCodePlus4": 3373,
    "AddressHouseNumber": 10,
    "AddressPreDirection": null,
    "AddressStreetName": "PIPESTEM",
    "AddressStreetSuffix": "DR",
    "AddressPostDirection": null,
    "AddressUnitType": null,
    "AddressUnitNumber": null,
    "CountyFips": 54039,
    "County": "KANAWHA",
    "Latitude": 38.362493,
    "Longitude": -81.860161,
    "CurrentOwner": "STOLLINGS KATHERINE J",
    "OwnerOccupied": true,
    "ZIP1st3": 251,
    "ZIP1st4": 2517,
    "FullAddress": "10 PIPESTEM DR SAINT ALBANS WV 25177-3373"
  },
  {
    "AssessorsParcelNumber": "06-09-   4-0189.0000",
    "StandardizedAssessorsParcelNumber": "0609401890000",
    "AddressLine1": "10 RIVERVIEW CT",
    "AddressLine2": null,
    "City": "MILTON",
    "State": "WV",
    "PostalCode": 25541,
    "PostalCodePlus4": 9310,
    "AddressHouseNumber": 10,
    "AddressPreDirection": null,
    "AddressStreetName": "RIVERVIEW",
    "AddressStreetSuffix": "CT",
    "AddressPostDirection": null,
    "AddressUnitType": null,
    "AddressUnitNumber": null,
    "CountyFips": 54011,
    "County": "CABELL",
    "Latitude": 38.438009,
    "Longitude": -82.142612,
    "CurrentOwner": "CLAY RONALD \u0026 CLAY SHELLEY",
    "OwnerOccupied": true,
    "ZIP1st3": 255,
    "ZIP1st4": 2554,
    "FullAddress": "10 RIVERVIEW CT MILTON WV 25541-9310"
  },
  {
    "AssessorsParcelNumber": "20-25-  13-0046.0009",
    "StandardizedAssessorsParcelNumber": "2.02513E\u002B13",
    "AddressLine1": "10-18 APRIL LN",
    "AddressLine2": null,
    "City": "CHARLESTON",
    "State": "WV",
    "PostalCode": 25312,
    "PostalCodePlus4": 9488,
    "AddressHouseNumber": null,
    "AddressPreDirection": null,
    "AddressStreetName": "APRIL",
    "AddressStreetSuffix": "LN",
    "AddressPostDirection": null,
    "AddressUnitType": null,
    "AddressUnitNumber": null,
    "CountyFips": 54039,
    "County": "KANAWHA",
    "Latitude": 38.472969,
    "Longitude": -81.669845,
    "CurrentOwner": "PHELIX DARRELL W \u0026 PHELIX SANDRA L",
    "OwnerOccupied": false,
    "ZIP1st3": 253,
    "ZIP1st4": 2531,
    "FullAddress": "10-18 APRIL LN CHARLESTON WV 25312-9488"
  },
  {
    "AssessorsParcelNumber": "31-03-  16-0037.0004",
    "StandardizedAssessorsParcelNumber": "3.10316E\u002B13",
    "AddressLine1": "100 BETHEL RD",
    "AddressLine2": null,
    "City": "MORGANTOWN",
    "State": "WV",
    "PostalCode": 26501,
    "PostalCodePlus4": null,
    "AddressHouseNumber": 100,
    "AddressPreDirection": null,
    "AddressStreetName": "BETHEL",
    "AddressStreetSuffix": "RD",
    "AddressPostDirection": null,
    "AddressUnitType": null,
    "AddressUnitNumber": null,
    "CountyFips": 54061,
    "County": "MONONGALIA",
    "Latitude": 39.662483,
    "Longitude": -80.005139,
    "CurrentOwner": "NRUS II LLC",
    "OwnerOccupied": false,
    "ZIP1st3": 265,
    "ZIP1st4": 2650,
    "FullAddress": "100 BETHEL RD MORGANTOWN WV 26501"
  },
  {
    "AssessorsParcelNumber": "15-06-W43B-0176.0000",
    "StandardizedAssessorsParcelNumber": "1506W43B01760000",
    "AddressLine1": "100 CROPPER ST",
    "AddressLine2": null,
    "City": "WEIRTON",
    "State": "WV",
    "PostalCode": 26062,
    "PostalCodePlus4": 3329,
    "AddressHouseNumber": 100,
    "AddressPreDirection": null,
    "AddressStreetName": "CROPPER",
    "AddressStreetSuffix": "ST",
    "AddressPostDirection": null,
    "AddressUnitType": null,
    "AddressUnitNumber": null,
    "CountyFips": 54029,
    "County": "HANCOCK",
    "Latitude": 40.416531,
    "Longitude": -80.572897,
    "CurrentOwner": "YOBBAGY AMY",
    "OwnerOccupied": true,
    "ZIP1st3": 260,
    "ZIP1st4": 2606,
    "FullAddress": "100 CROPPER ST WEIRTON WV 26062-3329"
  },
  {
    "AssessorsParcelNumber": "54-03- 341-0025.0000",
    "StandardizedAssessorsParcelNumber": "5.40334E\u002B14",
    "AddressLine1": "100 E LUBECK HILLS DR",
    "AddressLine2": null,
    "City": "WASHINGTON",
    "State": "WV",
    "PostalCode": 26181,
    "PostalCodePlus4": 6207,
    "AddressHouseNumber": 100,
    "AddressPreDirection": "E",
    "AddressStreetName": "LUBECK HILLS",
    "AddressStreetSuffix": "DR",
    "AddressPostDirection": null,
    "AddressUnitType": null,
    "AddressUnitNumber": null,
    "CountyFips": 54107,
    "County": "WOOD",
    "Latitude": 39.223159,
    "Longitude": -81.637633,
    "CurrentOwner": "LONG LIBBY A \u0026 MEREDITH KIMBERLY D",
    "OwnerOccupied": true,
    "ZIP1st3": 261,
    "ZIP1st4": 2618,
    "FullAddress": "100 E LUBECK HILLS DR WASHINGTON WV 26181-6207"
  },
  {
    "AssessorsParcelNumber": "31 043 001 000 118",
    "StandardizedAssessorsParcelNumber": "3.1043E\u002B13",
    "AddressLine1": "\u0026 11 GENE DR",
    "AddressLine2": null,
    "City": "GREENVILLE",
    "State": "PA",
    "PostalCode": 16125,
    "PostalCodePlus4": null,
    "AddressHouseNumber": null,
    "AddressPreDirection": null,
    "AddressStreetName": "\u0026 11 GENE",
    "AddressStreetSuffix": "DR",
    "AddressPostDirection": null,
    "AddressUnitType": null,
    "AddressUnitNumber": null,
    "CountyFips": 42085,
    "County": "MERCER",
    "Latitude": 0,
    "Longitude": 0,
    "CurrentOwner": "PAULS ST \u0026 FOLKS OLD",
    "OwnerOccupied": false,
    "ZIP1st3": 161,
    "ZIP1st4": 1612,
    "FullAddress": "\u0026 11 GENE DR GREENVILLE PA 16125"
  },
  {
    "AssessorsParcelNumber": "31 043 001 000 118",
    "StandardizedAssessorsParcelNumber": "3.1043E\u002B13",
    "AddressLine1": "\u0026 11 GENE DR",
    "AddressLine2": null,
    "City": "Denver",
    "State": "CO",
    "PostalCode": 16125,
    "PostalCodePlus4": null,
    "AddressHouseNumber": null,
    "AddressPreDirection": null,
    "AddressStreetName": "\u0026 11 GENE",
    "AddressStreetSuffix": "DR",
    "AddressPostDirection": null,
    "AddressUnitType": null,
    "AddressUnitNumber": null,
    "CountyFips": 42085,
    "County": "MERCER",
    "Latitude": 0,
    "Longitude": 0,
    "CurrentOwner": "PAULS ST \u0026 FOLKS OLD",
    "OwnerOccupied": false,
    "ZIP1st3": 161,
    "ZIP1st4": 1612,
    "FullAddress": "\u0026 11 GENE DR GREENVILLE PA 16125"
  },
  {
    "AssessorsParcelNumber": "31 043 001 000 118",
    "StandardizedAssessorsParcelNumber": "3.1043E\u002B13",
    "AddressLine1": "1111 Street Rd",
    "AddressLine2": null,
    "City": "Chicago",
    "State": "IL",
    "PostalCode": 16125,
    "PostalCodePlus4": null,
    "AddressHouseNumber": null,
    "AddressPreDirection": null,
    "AddressStreetName": "\u0026 11 GENE",
    "AddressStreetSuffix": "DR",
    "AddressPostDirection": null,
    "AddressUnitType": null,
    "AddressUnitNumber": null,
    "CountyFips": 42085,
    "County": "MERCER",
    "Latitude": 0,
    "Longitude": 0,
    "CurrentOwner": "PAULS ST \u0026 FOLKS OLD",
    "OwnerOccupied": false,
    "ZIP1st3": 161,
    "ZIP1st4": 1612,
    "FullAddress": "\u0026 11 GENE DR GREENVILLE PA 16125"
  },
  {
    "AssessorsParcelNumber": "54-03- 341-0025.0000",
    "StandardizedAssessorsParcelNumber": "5.40334E\u002B14",
    "AddressLine1": "100 E LUBECK HILLS DR",
    "AddressLine2": null,
    "City": "Denver",
    "State": "CO",
    "PostalCode": 26181,
    "PostalCodePlus4": 6207,
    "AddressHouseNumber": 100,
    "AddressPreDirection": "E",
    "AddressStreetName": "LUBECK HILLS",
    "AddressStreetSuffix": "DR",
    "AddressPostDirection": null,
    "AddressUnitType": null,
    "AddressUnitNumber": null,
    "CountyFips": 54107,
    "County": "WOOD",
    "Latitude": 39.223159,
    "Longitude": -81.637633,
    "CurrentOwner": "LONG LIBBY A \u0026 MEREDITH KIMBERLY D",
    "OwnerOccupied": true,
    "ZIP1st3": 261,
    "ZIP1st4": 2618,
    "FullAddress": "100 E LUBECK HILLS DR WASHINGTON WV 26181-6207"
  },
  {
    "AssessorsParcelNumber": "100-520-130",
    "StandardizedAssessorsParcelNumber": "100520130",
    "AddressLine1": "1234 Valley LN",
    "AddressLine2": null,
    "City": "Dallas",
    "State": "TX",
    "PostalCode": 75063,
    "PostalCodePlus4": 5566,
    "AddressHouseNumber": 1,
    "AddressPreDirection": null,
    "AddressStreetName": "APPIAN",
    "AddressStreetSuffix": "WAY",
    "AddressPostDirection": null,
    "AddressUnitType": "UNIT",
    "AddressUnitNumber": "704-12",
    "CountyFips": 6081,
    "County": "SAN MATEO",
    "Latitude": 37.643176,
    "Longitude": -122.451244,
    "CurrentOwner": "ZHU KENNETH JIAN WEI \u0026 ZHU AI BING WU",
    "OwnerOccupied": true,
    "ZIP1st3": 940,
    "ZIP1st4": 9408,
    "FullAddress": "1 APPIAN WAY UNIT 704-12 SOUTH SAN FRANCISCO CA 94080-5566"
  }
]